Key	English	Portuguese
ui.options.category.general	General	Geral
ui.options.language	Language	Idioma
ui.options.text_effects	Text Effects	Efeitos de texto
ui.options.category.audio	Audio	Áudio
ui.options.audio.bgm	Music	Música
ui.options.audio.bgs	Ambience	Ambiente
ui.options.audio.me	Jingles	Temas
ui.options.audio.se	Sound Effects	Efeitos
sys.file	File	Arquivo
ui.save.locked_slot	Choose a file to start a new campaign.	Escolha um arquivo para iniciar uma nova campanha.
sys.load_message	Load which file?	Carregar qual arquivo?
sys.save_message	Save to which file?	Salvar em qual arquivo?
sys.autosave	Autosave	Autossalvar
ui.save.save_failure	Could not save.	Não foi possível salvar.
ui.save.load_failure	This campaign cannot be loaded.	Esta campanha não pode ser carregada.
ui.save.autosave_success	Saved automatically.	Salvo automaticamente.
ui.save.autosave_failure	Could not save.	Não foi possível salvar.
ui.save.latest	NEW!	NOVO!
ui.console.options	Options	Configurações
ui.assist.switch_category	Switch category	Trocar categoria
ui.assist.ok	Select	Selecionar
ui.assist.cancel	Back	Voltar
choice.title.continue	Continue	Continuar
choice.title.new_game	New Game	Novo jogo
title.name	The Dryland Drowned	Afogados em Terra Seca
title.age_notice	This game is not recommended for players under 16.<br>It contains content related to psychological horror, death and coercion.	Este jogo não é recomendado para menores de 16 anos.<br>Contém conteúdos relacionados a horror psicológico, morte e coerção.
choice.title.options	Options	Configurações
choice.title.quit	Quit	Sair
tavern.prep.ivai	We've got the whole party together, so let's get rolling!	Bem, agora que nossa equipe está completa, vamos traçar nossa rota!
ui.menu.save	Save	Salvar
prologue.tavern.rheed.1	They call me Rheed. Back in the day, I was Ivaí's right-hand. I'm the one who passed out the flyers, rounding up recruits for that expedition... Master's orders, of course. But against Irati's wishes.	Meu nome é Rheed. Fui eu quem espalhou os anúncios da expedição, a mando de Ivaí e a contragosto de Irati.
route.physical.name	The Church Path	Caminho da Igreja
dest.physical.desc	Buried beneath a church choked by the woods, a stone captive bars the path.	Sob a igreja tomada pela mata, uma prisioneira de pedra guarda parte do caminho.
prologue.tavern.ivai.2	Details can wait 'til we hit the road.	Os detalhes serão adicionados ao longo do caminho.
prologue.tavern.rheed.7	Master... ain't you skipping a few details?	Você não está esquecendo de nenhuma informação, mestre?
prologue.tavern.ivai.1	My family left the trail. You've got the legs to walk it. Whatever we dig up, we share the spoils.	Minha família deixou as pistas. Vocês trazem a experiência para seguirmos por elas. O que encontrarmos, repartiremos entre nós.
prologue.tavern.rheed.6	But the maps... they were full of holes. The Master admitted it the second he unrolled 'em. Half the trail was a total blind spot.	Do tesouro, falou pouco. Disse que pertencia à família. Mostrou as anotações da mãe, explicou a ligação com o lugar e olhou para os oito.
prologue.tavern.rheed.5	He showed 'em his mother's scribbles—a mess of old family memories, ancient traditions, and just enough clues to point us toward the prize.	Os mapas estavam incompletos. Ivaí admitiu isso assim que os abriu. Ainda havia caminho por descobrir.
prologue.tavern.rheed.4	He didn't say much about the loot itself... just that it was his birthright.	Os papéis eram de Irati, mãe dele. Entre as anotações, havia lembranças da família, a descrição de uma tradição passada por gerações e referências àquele lugar que procurávamos.
prologue.tavern.rheed.3	When the eight of 'em finally walked into that tavern, Ivaí was beaming. He didn't say much about the loot itself... just that it was his birthright.	Quando os oito chegaram à taverna, Ivaí transbordou de satisfação, abrindo os registros de sua família para começar a passar as informações ao grupo.
prologue.tavern.rheed.2	In those days, I was just his errand boy. Irati had left a strict warning in her notes: "no outsiders!". But the Master? He had me round up those sellswords anyway.	Naqueles dias, eu cuidava dos pequenos afazeres de Ivaí. Mesmo que sua mãe tenha deixado um aviso para não levar outros na missão, Ivaí insistiu que eu recrutasse mercenários para nos acompanhar.
campaign.irati_02_01.narrator	We flipped that first scrap over, and there it was. The Master knew that handwriting anywhere. Irati left us another tip: <I>"The map only finds the second half. It does not forge the medallion's fate."</I>	No verso da primeira peça, Ivaí reconhece outro trecho de Irati: <I>O mapa encontra a segunda metade; ele não decide o destino do medalhão.</I>
campaign.map_reveal_01.narrator	We laid the two scraps over one another... and suddenly, the dead ends connected. Right there in the ink, the hidden gates to the Broken Village.	As duas peças do mapa se sobrepõem. Linhas antes incompletas revelam a entrada do Vilarejo Partido.
campaign.map_reveal_02.ivai	That is where the rest of the medallion waits... along with the truth I've been keeping for a long time.	É lá que encontraremos a outra metade do medalhão — e a verdade que eu devia ter contado antes.
enc.a1.name	The Bottled Saci's Cyclone	O Redemoinho do Saci Engarrafado
enc.a2.name	The Trail of Backward Feet	A Trilha de Pés Virados
enc.a3.name	The Cuca's Mortar	O Pilão da Cuca
enc.a4.name	The Mapinguari's Cage	A Jaula do Mapinguari
enc.a5.name	The Headless Mule's Stable	A Cavalariça da Mula-sem-Cabeça
enc.a6.name	The Dry Body's Orchard	O Pomar do Corpo-Seco
enc.a7.name	The Bogeyman's Storehouse	O Depósito do Homem do Saco
enc.a8.name	The Grape-treading's Rooftop	O Telhado da Pisadeira
enc.b1.name	The Whistle of the Matinta	O Assobio da Matinta
enc.b2.name	The Procession of Souls	A Procissão das Almas
enc.b3.name	The Eyes of the Boitatá	Os Olhos do Boitatá
enc.b4.name	The False Promise to Comadre Fulozinha	A Promessa Falsificada à Comadre Fulozinha
enc.b5.name	The Mirror of the Loira do Banheiro	O Espelho da Loira do Banheiro
enc.b6.name	The Song of the Iara in the Dry Well	O Canto da Iara no Poço Seco
enc.b7.name	The Shroud of the Rasga-Mortalha	A Mortalha da Rasga-Mortalha
enc.b8.name	The Hunger of the Cabra-Cabriola	A Fome da Cabra-Cabriola
route.supernatural.name	Haunted Waters Park	Parque das Águas Assombradas
route.final.name	The Broken Village	Vilarejo Partido
ui.tavern.party	Party	Grupo
ui.tavern.no_destination	No destination chosen	Destino não escolhido
choice.tavern.destinations	Destinations	Destinos
choice.tavern.cast	Cast	Elenco
choice.tavern.depart	Depart	Partir
ui.dest.title	Destinations	Destinos
dest.supernatural.desc	Among the abandoned attractions, a fig tree imprisons a voice that knows the map.	Nas atrações abandonadas, uma figueira aprisiona uma voz que conhece o mapa.
dest.final.desc	The two pieces, laid one over the other, reveal the village where the truth was buried.	As duas peças sobrepostas revelam o vilarejo onde a verdade foi enterrada.
choice.dest.close	Close	Fechar
dest.status.available	Available	Disponível
dest.status.selected	Selected	Selecionado
dest.status.locked	Locked	Bloqueado
dest.status.completed	Completed	Concluído
ui.cast.title	Cast	Elenco
cast.status.present	Present	Presente
cast.status.dead	Dead	Morto
cast.status.in_party	Present · In party	Presente · No grupo
choice.cast.close	Close	Fechar
ui.encounter.label	Encounter	Encontro
choice.encounter.reread	Reread description	Rever descrição
choice.encounter.retreat	Retreat	Recuar
enc.a1.result_1.success	We wrenched that window open until the latch finally caught. A sudden draft yanked the whirlwind to the back of the shop, dragging the deadly glass with it. We slipped through the exit just as the gale gathered by the gap.	O grupo força a janela até encaixá-la na trava, mantendo-a aberta. A corrente de ar puxa o redemoinho para o fundo da oficina, afastando os cacos da saída. Todos atravessam enquanto o vento se concentra junto à abertura.
enc.a1.result_1.failure	We couldn't keep the window open. It slammed shut, and the whirlwind hurled a storm of glass right down the hall, cutting off our only escape.	O grupo não consegue manter a janela aberta. O redemoinho lança cacos pelo corredor e bloqueia a saída.
enc.a1.result_2.success	We scrambled to lock down those clasps before the lids could blow. Starved of the extra wind, the main cyclone lost its bite. We waited for the glass rain to stop, then dashed across the room before the latches could buckle again.	As presilhas são apertadas uma após a outra, antes que as tampas se soltem. Sem o vento das outras garrafas, o redemoinho perde força. O grupo espera os cacos caírem e atravessa a oficina antes que as presilhas voltem a ceder.
enc.a1.result_2.failure	We weren't fast enough. The latches snapped open one by one, unleashing violent gusts that slammed together and formed a massive wall of wind across the door.	As presilhas escapam uma após outra, libertando turbilhões que se unem diante da passagem.
enc.a1.result_3.success	We kept our eyes on the flying debris and spotted a pattern in the cyclone's path. Every time it veered away from the door, it dragged the glass with it, giving us a brief window. We timed it perfectly and sprinted outside before the gale swept back.	Observando a poeira e os cacos no ar, o grupo percebe que o redemoinho repete o mesmo percurso pela oficina. Sempre que se afasta da porta, leva os cacos consigo e deixa a passagem livre por alguns instantes. O grupo espera esse momento e corre para fora antes que o vento volte.
enc.a1.result_3.failure	The swirling soot blinded us to the true center of the storm. We stepped right into the spin and a wall of flying glass immediately cut off any chance of turning back.	A fuligem aponta para um falso centro; o grupo entra no giro e os cacos bloqueiam o retorno.
enc.a1.intro.1	We stumbled into this abandoned workshop, littered with dark bottles clamped shut with heavy brass. Rumor had it every single one held a captive Saci whirlwind.	A oficina abandonada está cheia de garrafas escuras, fechadas com presilhas de latão. Dizem que cada uma aprisiona um redemoinho criado pelo Saci.
enc.a1.intro.2	One step inside, and a bottle dropped and shattered. A violent gale exploded, tearing chunks from the walls and whipping glass shards through the air. A loose window started banging against the far wall. And worse? The other bottles began to rattle violently. If those seals gave way, the cyclones would merge and seal our only way out.	Assim que o grupo entra, uma garrafa cai e se quebra. Um vento violento toma conta da sala, arranca pedaços das paredes e lança cacos de vidro pelo ar. Uma janela bate na parede ao fundo. Outras garrafas começam a tremer, soltando vento pelas tampas frouxas. Se elas também se abrirem, os redemoinhos vão se juntar e bloquear a única saída.
enc.a1.intro.3	So, my friend... how do you think we managed to get out of that mess?	Então, parceiro... como você acha que a gente conseguiu sair dessa enrascada?
choice.a1.approach_1	Wrench the window open to redirect the draft.	Forçar a janela até mudar a direção do redemoinho.
choice.a1.approach_2	Scramble to lock down the rattling bottles.	Fechar rapidamente as presilhas das garrafas que ainda estão inteiras.
choice.a1.approach_3	Study the flying debris to time a dash for the exit.	Observar o movimento da poeira e dos cacos para descobrir o momento seguro de alcançar a saída.
enc.a4.result_1.success	We scrambled up those iron ribs while the cage contracted around us. Fighting through the sheer terror of that roar, we squeezed through the ceiling gap just as the trap snapped shut beneath our feet.	O grupo sobe pelas barras enquanto o espaço entre elas fica cada vez menor. Mesmo com o rugido assustador, todos alcançam uma abertura perto do teto. A jaula se fecha logo abaixo, mas ninguém fica preso dentro dela.
enc.a4.result_1.failure	The iron ribs slammed shut before we could make it to the top. The trap threw us right back down to the floor.	As costelas se fecham antes da escalada terminar, derrubando o grupo de volta ao salão.
enc.a4.result_2.success	We wrenched two of those bars apart until the iron actually groaned and bent. The mangled gap stayed open just long enough for us to slip through before the rest of the cage crushed together.	Duas barras são forçadas para os lados até entortarem. O ferro cede e deixa um vão que não se fecha com o restante da jaula. O grupo atravessa por ele antes que as outras barras alcancem a abertura.
enc.a4.result_2.failure	The iron refused to yield. The contracting bars crushed the arms bracing them, narrowing our escape route to a useless slit.	As barras resistem e comprimem os braços que as sustentam, reduzindo o vão a uma fresta.
enc.a4.result_3.success	The beast's roar tried to freeze our blood and make us cower. Pushing through the terror, we reached the latch and ripped it open. The iron ribs lost their tension, collapsing the cage and clearing the way forward.	O rugido tenta paralisar o corpo e obrigar todos a se encolherem. Mesmo com medo, o grupo continua avançando até alcançar a trava. Quando ela é aberta, as barras perdem o apoio, a jaula se desfaz e o caminho fica livre.
enc.a4.result_3.failure	That paralyzing roar stopped us dead in our tracks. We froze just inches from the latch right as the iron ribs slammed shut.	O rugido interrompe o movimento diante da trava, e a jaula fecha o último espaço livre.
enc.a4.intro.1	We stepped into a hall choked with matted fur and deep claw marks. Next thing I know, massive iron bars burst from the stone like a ribcage, locking us in.	O grupo entra em um salão coberto por pelos grossos e marcas profundas de garras. De repente, grandes barras de ferro, parecidas com costelas, saem das paredes e formam uma jaula ao redor de todos.
enc.a4.intro.2	Then came the roar... It echoed from nowhere and froze the blood right in our veins. At the same time, those iron ribs started shrinking, crushing the space around us. There was a gap near the ceiling and a latch nearby, but that paralyzing noise made moving feel like dragging boulders.	Um rugido invisível ecoa pelo salão. O medo deixa os músculos pesados e dificulta qualquer movimento. Ao mesmo tempo, as barras começam a se fechar, diminuindo cada vez mais o espaço dentro da jaula. Ainda há uma abertura perto do teto e uma trava ao alcance das mãos, mas o rugido torna difícil chegar até elas.
enc.common.prompt_escape	I'll let you guess this part. What do you think we did to escape that cage?	Vou te deixar tentar adivinhar essa parte. O que você acha que a gente fez para escapar daquela jaula?
choice.a4.approach_1	Scramble up the ribs before the gap closes.	Escalar as barras antes que o espaço entre elas desapareça.
choice.a4.approach_2	Pry apart two of the iron bars by brute force.	Segurar duas barras e abrir uma passagem usando a força.
choice.a4.approach_3	Fight through the paralyzing roar to reach the latch.	Resistir ao medo causado pelo rugido e alcançar a trava da jaula.
enc.a2.result_1.success	We carefully picked the knots apart without disturbing the tripwires. The hidden stakes slowly retracted into the earth. As the final knot gave way, the vines dropped and left us a safe path through the trees.	Os nós são desfeitos com cuidado, sem puxar os cipós que controlam a armadilha. As estacas voltam devagar para dentro da terra. Quando o último nó é solto, os cipós caem no chão e deixam uma passagem segura entre as árvores.
enc.a2.result_1.failure	We messed up. One wrong knot snapped the tension, and the hidden stakes violently shot up. They completely sealed off the corridor behind us.	Um nó errado libera a tensão das estacas, que fecham o corredor atrás dos cipós.
enc.a2.result_2.success	We ignored those confusing tracks and relied on the wind, the incline, and the overgrowth to guide us. Following nature's cues, we wove right past the tripwires and hidden stakes. We left the trickster's trail far behind us.	As pegadas apontam para caminhos diferentes, mas o grupo se orienta pelo vento, pela inclinação do terreno e pelas plantas. Seguindo esses sinais, evita os cipós e as estacas escondidas. As pegadas falsas ficam para trás.
enc.a2.result_2.failure	A sudden shift in the wind under the dense canopy threw us off. It led us straight into a deadly corridor of hidden stakes.	O vento muda sob a copa fechada, conduzindo o grupo ao corredor de estacas ocultas.
enc.a2.result_3.success	We saw right through the trick. The toes were just meant to deceive. By reading the tracks in reverse, we uncovered a hidden path that bypassed the vines entirely. The forest remained quiet, and we all crossed unscathed.	O grupo reconhece o truque dos pés virados: a direção dos dedos engana quem tenta seguir os rastros. Ao reconstruir o trajeto no sentido contrário, encontra uma sequência de pegadas que contorna os cipós. As árvores permanecem paradas e todos conseguem atravessar em segurança.
enc.a2.result_3.failure	We misread the trick and followed the lie. Massive fallen trees crashed down and completely cut off our only way out.	A regra reconstruída repete a mentira dos pés virados, e árvores tombadas isolam a única saída.
enc.a2.intro.1	We found a dirt path cutting right through the overgrown ruins. There were tracks everywhere pointing in all directions. But something was off. The heels faced forward. Whoever made them was walking backward.	Uma trilha de terra atravessa a mata que cresceu para dentro da construção. Pelo caminho, várias pegadas apontam para direções diferentes. Há algo estranho nelas: os calcanhares estão voltados para a frente, como se quem deixou os rastros caminhasse na direção contrária.
enc.a2.intro.2	Taut vines crisscrossed the mud, wired to hidden stakes in the brush. One wrong step or a single brushed vine and the trap would spring.	Cipós esticados cruzam a trilha e estão ligados a estacas escondidas entre as plantas. Um passo no caminho errado ou um toque em um cipó pode ativar a armadilha.
enc.a2.intro.3	So, what's your guess? How do you think we managed to cross that trail?	Como o grupo vai atravessar a trilha?
choice.a2.approach_1	Carefully pick the vine knots without springing the trap.	Desatar com cuidado os nós dos cipós sem acionar as estacas.
choice.a2.approach_2	Ignore the tracks and navigate by the wind, terrain, and flora.	Ignorar as pegadas e encontrar o caminho usando o vento, o terreno e a vegetação.
choice.a2.approach_3	Read the backward footprints to deduce the true path.	Usar o conhecimento sobre pés virados para descobrir qual rastro indica o caminho verdadeiro.
enc.a3.result_1.success	We wedged chunks of wood and tough fibers right into the ceiling rails. When the pestle slammed into them, it completely jumped the track. It dropped straight into an empty mortar and got stuck fast. The gears ground to a halt, and we crossed the room without a scratch.	Pedaços de madeira e fibras são presos nos trilhos do teto. Quando o socador bate neles, muda de direção e cai dentro de um pilão vazio. O socador fica preso no pilão, o mecanismo para e o grupo consegue atravessar a cozinha.
enc.a3.result_1.failure	Our makeshift wedges splintered under the very first blow. The track stayed clear, and that massive pestle was left completely free to hunt us down.	As cunhas se partem sob o primeiro impacto, deixando o socador livre para perseguir o grupo.
enc.a3.result_2.success	That creepy lullaby actually gave away the timing. We moved in those tiny gaps between one beat and the next, vaulting over the smaller mortars. The final blow smashed into the floor right behind us just as we reached the exit.	A cantiga avisa quando cada golpe vai acontecer. O grupo avança nos pequenos intervalos entre uma batida e outra, saltando sobre os pilões menores. O último golpe atinge o chão quando todos já alcançaram a saída.
enc.a3.result_2.failure	The music shifted its rhythm right when we were halfway across. The chaotic pattern of the smaller mortars ended up pushing us straight into the kill zone at the center.	O ritmo muda no meio da travessia, e os pilões menores empurram o grupo para o centro.
enc.a3.result_3.success	There was a specific line written on the box keeping the music and the machine in sync. The moment we scrubbed that verse away, the lullaby lost its rhythm and got stuck looping the same notes. The magic bond broke. The pestle stopped dead on its rails, and we walked right out.	Uma frase escrita na caixa mantém a cantiga e o socador ligados. Quando esse verso é apagado, a música perde o ritmo e começa a repetir as mesmas notas. A ligação se rompe, e o socador fica imóvel nos trilhos, deixando o caminho livre.
enc.a3.result_3.failure	We wiped the verse away, but the ink just bled right back onto the wood. The music sped up into a frenzy, and that heavy pestle came flying off its rails straight at us.	O verso apagado reaparece na caixa sem corda, acelerando o socador até ele abandonar os trilhos.
enc.a3.intro.1	We walked into the kitchen of an old sugar mill. Right in the middle sat an enormous mortar. It was big enough to swallow a man whole. Smaller ones cluttered the rest of the room. Up above, a massive pestle slid along rusted rails bolted to the ceiling. Scraps of wood, tough fibers, and bark littered the floor.	O grupo entra na cozinha de um antigo engenho. No centro há um pilão enorme, grande o bastante para prender uma pessoa. Pilões menores ocupam o restante da cozinha. Acima deles, um pesado socador se move por trilhos presos ao teto. Pedaços de madeira, fibras e cascas estão espalhados pelo chão.
enc.a3.intro.2	A strange wooden box covered in scribbled verses started playing a creepy lullaby all on its own. With every new line of the song, that heavy pestle shifted gears and slammed down into a different mortar. The only way out was straight through that crushing rhythm.	Uma caixa com versos escritos na superfície começa a tocar uma cantiga de ninar sozinha. A cada verso, o socador muda de direção e atinge um pilão diferente. O único caminho para a saída passa entre os golpes.
enc.a3.intro.3	How about you take a guess? How did we manage to cross that deathtrap of a kitchen?	Como o grupo deve atravessar a cozinha?
choice.a3.approach_1	Jam the ceiling rails with wood and fiber to derail the pestle.	Usar madeira, fibras e cascas para criar obstáculos e desviar o socador.
choice.a3.approach_2	Sprint between the mortars to the rhythm of the lullaby.	Avançar entre os pilões menores, acompanhando o ritmo dos impactos.
choice.a3.approach_3	Find and erase the written verse controlling the machine.	Encontrar e apagar o verso que liga a cantiga ao socador.
enc.a5.result_1.success	We hoisted the gate up and hooked it just in time while the beast made another lap. The second it bolted into the stall, we dropped the heavy iron right behind it. The creature hurled itself against the bars, but the metal held. The thick stone walls kept the flames contained, and we sprinted down the corridor to safety.	A grade é erguida e presa no suporte enquanto a mula completa mais uma volta. Assim que ela entra na baia, o grupo solta a grade atrás dela. A criatura se lança contra as barras, mas a grade resiste. As paredes de pedra contêm as chamas, e todos passam pelo corredor até a saída.
enc.a5.result_1.failure	The rusted gate jammed halfway up. The beast stayed loose, charging down the corridor and dragging those red hot chains. It blocked our only exit with a solid wall of fire.	A grade emperra, e a mula continua solta. Ela atravessa o corredor arrastando as correntes em brasa e bloqueia a saída com fogo.
enc.a5.result_2.success	We timed it perfectly between two of its passes and popped the harness clasp open. The glowing chains dropped right under its hooves and tangled into the wooden partitions. The beast stumbled and thrashed wildly to free itself. We crossed the room long before it could find its footing again.	No intervalo entre duas passagens da mula, o fecho do arreio é aberto. As correntes caem sob suas patas e se enroscam nas divisórias das baias. A criatura tropeça e se debate para soltá-las. O grupo atravessa antes que ela consiga se levantar.
enc.a5.result_2.failure	The clasp jammed tight. Our tool got caught right against the heated chains, and the beast broke free. Its flames completely sealed the corridor before we could move.	O fecho prende a ferramenta nas correntes aquecidas, que selam o corredor com fogo.
enc.a5.result_3.success	We tracked which channel led straight to the corridor and cranked that rusty tap wide open. The water rushed between the stalls, putting out the floor fires and kicking up a massive curtain of steam. The beast shied back from the hissing water just long enough. We used that split second of confusion to reach the exit.	O grupo identifica qual canal leva a água até o corredor e abre o registro da cisterna. A água corre entre as baias, apaga o fogo no chão e levanta uma cortina de vapor. A mula recua por um instante diante da água. O grupo aproveita esse intervalo para chegar à saída, enquanto a criatura continua solta na cavalariça.
enc.a5.result_3.failure	We guessed the wrong channel. The water drained away nowhere near the corridor, and the fire just kept spreading until it swallowed the exit whole.	A água segue por um canal que não alcança o corredor. O fogo continua se espalhando e bloqueia a saída.
enc.a5.intro.1	We stepped into an old stone shelter lined with narrow wooden stalls. They used to keep horses there. Only now, a headless mule was tearing through the fences. It spat blinding fire straight from its stump of a neck. Heavy chains were strapped to its body with cracked leather. Those chains were glowing red hot, sparking and scraping across the stone every time it ran.	O grupo entra em um abrigo de pedra, com espaços estreitos separados por cercas onde ficavam os cavalos. Uma mula sem cabeça corre entre as cercas, soltando chamas pelo pescoço. Tiras de couro gastas prendem correntes ao corpo dela. As correntes estão tão quentes que brilham em vermelho e arranham o chão enquanto a criatura corre.
enc.a5.intro.2	The only way out was on the far side of the room, past a heavy iron gate. Up above the corridor, there was an old rusted water tank they used for washing the floors. A stiff tap controlled the flow into a maze of little channels cut into the stone. But every time that beast charged down the hall, a wall of flames blocked our path.	A saída fica do outro lado do abrigo, depois de uma grade pesada. Acima do corredor, há uma antiga caixa de água que era usada para lavar o chão. Uma torneira enferrujada controla a saída da água. Quando ela é aberta, a água desce e corre por pequenos canais no piso. Cada vez que a criatura passa pelo corredor, as chamas bloqueiam o caminho.
enc.a5.intro.3	So, tell me. How do you think we made it past that fiery nightmare?	Me diz: como você acha que nós passamos desse pesadelo?
choice.a5.approach_1	Raise the heavy gate and trap the beast inside a stall.	Erguer a grade e prender a criatura dentro de uma baia.
choice.a5.approach_2	Unhook the harness clasp without touching those glowing chains.	Soltar o fecho do arreio sem tocar nas correntes em brasa.
choice.a5.approach_3	Map out the floor channels and open the tap to flood the path.	Entender o caminho dos canais e abrir o registro para lançar água entre o grupo e a criatura.
enc.a6.result_1.success	We grabbed hold of the thickest roots and tore them straight out of the earth before they could coil around us. Without its main anchors, the central trunk groaned and leaned over, dragging the smaller roots completely out of our way. All that toothy fruit tumbled harmlessly to the side.	As raízes mais grossas são arrancadas antes de cercarem o grupo. Sem essas raízes para sustentá-lo, o tronco central se inclina e puxa as raízes menores para longe do corredor. Os frutos cheios de dentes caem ao lado.
enc.a6.result_1.failure	We pulled as hard as we could, but the torn roots just splintered into thousands of thinner, razor sharp fibers. They lashed out and crushed the corridor from every single side.	As raízes arrancadas se dividem em fibras menores e apertam o corredor por todos os lados.
enc.a6.result_2.success	We noticed some of the roots were dry and brittle, not twitching like the rest. We pried them apart and propped them open with heavy branches, rigging up a tiny tunnel. The living roots kept crushing the main corridor behind us, but our makeshift path held up just long enough for everyone to crawl through.	Algumas raízes estão secas e não se movem como as outras. O grupo as afasta e usa galhos para mantê-las no lugar, formando um pequeno túnel. As raízes vivas continuam se fechando sobre o corredor principal. O túnel entre as partes secas permanece aberto por tempo suficiente para todos passarem.
enc.a6.result_2.failure	We thought we were safe, but the dead tunnel suddenly hit living tissue. The flesh of the tree reacted instantly, scarring over and crushing around us like a giant fist.	O túnel alcança tecido ainda vivo, que se fecha ao redor do grupo como uma cicatriz.
enc.a6.result_3.success	We studied the carvings and finally pieced together the true name binding the corpse to the orchard. The moment we broke that curse, the shriveled body slumped off the bark. The roots instantly went dead. The whole orchard just withered right in front of us, opening a clear path through the dead wood.	O grupo identifica, nas marcas do tronco, o nome que prende o cadáver ao pomar. Quando essa ligação é quebrada, o corpo se solta da árvore e as raízes param de se mover. O pomar seca rapidamente, abrindo uma passagem entre os troncos.
enc.a6.result_3.failure	We got the name wrong. We broke the bond of some other poor soul instead. That just made the Dry Body's hold on the earth even stronger, and the roots violently violently slammed the path shut.	O nome rompido pertence a outro morto; o vínculo do Corpo-Seco se fortalece e reúne as raízes.
enc.a6.intro.1	We wandered into this twisted orchard buried completely underground. Right in the middle loomed a massive tree with a shriveled, dried up corpse fused straight into its trunk. Someone had carved a name deep into the bark all around the body. The tree's thick roots broke through the stone floor and spread like a web across the entire cavern.	O grupo entra em um pomar escondido no subsolo. No centro há uma árvore enorme, com um corpo ressecado preso ao tronco. Um nome está marcado na casca ao redor do corpo. As raízes da árvore atravessam o chão e se espalham por todo o lugar.
enc.a6.intro.2	The second we stepped closer, those roots started bending and twitching like giant fingers. They closed in, choking the corridor. Then the fruit started dropping from the canopy. Hard shells cracked open on the ground, revealing row after row of jagged teeth. The path out was getting narrower by the second.	Quando os heróis se aproximam, as raízes se dobram como dedos e começam a fechar o corredor. Frutos duros caem dos galhos e se abrem no chão, mostrando fileiras de dentes. A passagem fica cada vez mais estreita.
enc.a6.intro.3	What do you think we did when the orchard tried to swallow us whole?	Como o grupo vai atravessar a trilha?
choice.a6.approach_1	Tear out the thickest roots by brute force before they block the path.	Arrancar as raízes principais antes que bloqueiem a passagem.
choice.a6.approach_2	Hunt for dead, sapless roots and carve out a makeshift tunnel.	Encontrar as partes mortas da planta, onde a seiva não circula, e abrir um túnel entre elas.
choice.a6.approach_3	Break the supernatural bond tying the cursed corpse to the soil.	Quebrar a ligação sobrenatural entre o corpo e a terra.
enc.a7.result_1.success	We carefully popped the right hooks loose one by one. Those heavy sacks crashed to the floor and rolled clear of our path, opening a straight shot through the middle of the room. The voices inside kept sobbing and begging, but we just kept walking until they faded into silence.	Os ganchos certos são soltos um após o outro. Os sacos presos a esses ganchos caem fora da passagem, deixando um corredor livre no meio do depósito. As vozes continuam pedindo ajuda, mas ficam cada vez mais distantes enquanto o grupo avança.
enc.a7.result_1.failure	We slipped up on the release mechanism. The hooks dropped all at once, piling a massive wall of thrashing sacks directly in front of our only exit.	Os ganchos destravados descem juntos e amontoam os sacos diante da saída.
enc.a7.result_2.success	We grabbed hold of the moving chains and swung right over the tops of those nightmare sacks. Every jump carried us closer to the door and further from that gruesome press. By the time the machine started crushing the bags, we were already standing safe on the other side.	O grupo usa as correntes para passar por cima dos sacos e dos ganchos. Cada balanço leva todos para mais perto da saída e para longe da prensa. Quando a máquina esmaga os sacos, o grupo já está em segurança do outro lado.
enc.a7.result_2.failure	A chain gives way mid-swing. The group falls among the sacks, and the hooks close the way to the exit.	Uma corrente cede durante o balanço. O grupo cai entre os sacos, e os ganchos fecham o caminho até a saída.
enc.a7.result_3.success	The voices kept imitating our loved ones and begging for mercy. But we bit our tongues and refused to answer. Once the things inside realized they could not fool us, their tricks faltered. They started glitching and screaming out completely wrong names. The sacks just rolled on into the press, leaving the strip along the wall wide open for our escape.	As vozes imitam pessoas conhecidas e pedem ajuda, mas ninguém responde. Sem conseguir enganar o grupo, elas começam a se confundir e a chamar por nomes errados. Os sacos seguem para a prensa, enquanto o caminho até a saída permanece aberto.
enc.a7.result_3.failure	One of us broke. Somebody heard a voice they recognized and actually answered back. The second they spoke, every single sack in the room started thrashing violently. The ceiling hooks immediately swarmed our path and trapped us inside.	Uma voz reconhecida recebe resposta; os sacos se agitam e seus ganchos fecham o corredor.
enc.a7.intro.1	We walked into this pitch black, windowless storehouse. Dozens of heavy sacks hung from meat hooks, rolling along ceiling tracks. Some just hung there like dead weight, full of sand. But the others? They thrashed around. And worse, they started calling out to us using the exact voices of people we knew and loved.	O grupo entra em um depósito sem janelas. Dezenas de sacos pendem de ganchos presos a correntes que se movem pelo teto. Alguns parecem conter apenas areia. Outros se debatem e chamam os heróis com vozes de pessoas conhecidas.
enc.a7.intro.2	Those ceiling hooks were carrying every single sack straight into a massive crushing press at the end of the hall. There was one narrow strip along the wall leading to the exit. But every time one of us stepped near a sack begging for help, the tracks would shift and block our only path.	Os ganchos levam todos os sacos até uma enorme prensa no fim do corredor. Ainda resta uma faixa estreita junto à parede para alcançar a saída. Sempre que alguém se aproxima de um saco que pede ajuda, os ganchos se voltam para essa passagem e começam a bloqueá-la.
enc.a7.intro.3	So, my friend. How do you think we made it past a room full of familiar voices begging for their lives?	Como o grupo vai atravessar a trilha?
choice.a7.approach_1	Release the right hooks to clear a path through the hanging sacks.	Destravar os ganchos certos e abrir uma passagem entre os sacos.
choice.a7.approach_2	Swing across the ceiling chains to reach the exit before the press fires.	Balançar pelas correntes e alcançar a saída antes que a prensa seja ativada.
choice.a7.approach_3	Ignore the familiar voices and refuse to open the thrashing sacks.	Ignorar as vozes conhecidas e não abrir os sacos que pedem ajuda.
enc.a8.result_1.success	We jammed thick pieces of wood right under the sturdiest beams we could find. Those makeshift props took the brunt of the weight and stopped the roof from caving in. The whole house violently shook with every massive step, but we scrambled across just before the wood splintered.	Pedaços de madeira são colocados sob as vigas mais fortes. Os apoios dividem o peso e impedem que o teto continue descendo. A cada passo da criatura, a casa inteira treme, mas o grupo consegue atravessar antes que os apoios se quebrem.
enc.a8.result_1.failure	We wedged our props against a rotten floor beam by mistake. It snapped immediately, shifting all that massive weight directly to the center and bringing the entire roof down on top of us.	Os apoios se apoiam numa viga podre, que transfere todo o peso para o centro do forro.
enc.a8.result_2.success	We threw ourselves through those narrow gaps as fast as we could crawl. Barely a second later, a massive bony foot crashed through the plaster exactly where we just were. The rest of the ceiling completely caved in the moment we dove through the exit.	O grupo avança depressa pelos espaços estreitos do telhado. Logo depois, um pé ossudo pisa no lugar que todos acabaram de deixar. A última parte do teto desaba quando o grupo já alcançou a saída.
enc.a8.result_2.failure	We were not fast enough. A massive step came crashing down right on top of us, shattering the wooden rafters and completely burying our only way out.	A passada chega antes da travessia, quebrando os caibros e encurtando a passagem.
enc.a8.result_3.success	We realized half those footsteps were just magical echoes. The real ones always shook the dust loose a split second before the foot actually landed. Watching for that falling dust, we mapped out a safe strip right down the middle. We crawled our way out while the giant feet completely pulverized the tiles on both sides of us.	Muitos passos são apenas ecos, mas os verdadeiros fazem o pó cair antes de cada pisada. Observando esse sinal, o grupo encontra uma faixa do telhado que nunca é atingida. Todos seguem por ela enquanto os pés esmagam as telhas dos dois lados.
enc.a8.result_3.failure	We confused a loud echo for a real step. That fatal mistake led us into the exact spot where the ceiling completely caved in.	Um eco é tomado por passo real; o grupo entra justamente na faixa onde o teto desaba.
enc.a8.intro.1	We crawled into the cramped attic of this massive old manor. Right above our heads, heavy footsteps stomped across the roof. With every single thud, the tiles and wooden beams sank a little lower. The space was shrinking fast.	O grupo entra no forro baixo de um casarão. Acima deles, passos pesados atravessam o telhado. A cada passada, as telhas e as vigas descem um pouco mais, deixando menos espaço para o grupo se mover.
enc.a8.intro.2	We never saw the beast itself. Just the deep impressions of giant bony feet denting the ceiling plaster, as if some colossal giant was pacing on top of the house. We had to navigate across loose floorboards to reach a narrow exit at the far end. If that ceiling kept coming down, we would be crushed flat before we ever made it out.	A criatura nunca aparece por inteiro. Apenas marcas de pés ossudos surgem no reboco, como se algo enorme caminhasse sobre a casa. Há tábuas soltas entre as vigas e uma abertura na outra ponta do forro. Se o teto continuar baixando, o grupo ficará preso antes de alcançá-la.
enc.a6.intro.3	So, tell me. How do you think we survived that crushing ceiling?	Como o grupo vai atravessar a trilha?
choice.a8.approach_1	Brace the strongest beams with wooden props to stop the roof from sinking.	Distribuir o peso entre as vigas mais fortes e criar apoios para segurar o teto.
choice.a8.approach_2	Crawl frantically through the narrow gaps before the next step hits.	Rastejar entre as vigas menores antes que a criatura dê o próximo passo.
choice.a8.approach_3	Distinguish the real footsteps from the echoes to find a safe path.	Separar os passos verdadeiros dos ecos e encontrar a parte do telhado que não será pisada.
enc.b1.result_1.success	Almost every echo comes after the whistle. Only one comes before it and gives away the crack where the presence is hiding. When that opening is sealed, the sound turns back on itself, loses the stolen voices and fades away.	Quase todos os ecos surgem depois do assobio. Apenas um aparece antes e revela a fresta onde a presença está escondida. Quando a abertura é fechada, o som volta contra si mesmo, perde as vozes roubadas e desaparece.
enc.b1.result_1.failure	The chosen echo answers after the whistle, and the house closes its cracks around the voices.	O eco escolhido responde depois do assobio, e a casa fecha suas frestas ao redor das vozes.
enc.b1.result_2.success	Comparing the promises with the names and dates, the group finds the signature of someone who was already dead when the deal would have been made. The contradiction exposes the promise the presence made up. When the lie is pointed out, its words vanish from the wood. The stolen memories return, and the house can no longer imitate the group's voices.	Ao comparar as promessas com os nomes e as datas, o grupo encontra a assinatura de alguém que já havia morrido quando o acordo teria sido feito. A contradição revela a promessa inventada pela presença. Quando a mentira é apontada, suas palavras desaparecem da madeira. As lembranças roubadas voltam, e a casa já não consegue imitar as vozes do grupo.
enc.b1.result_2.failure	The promise they call false belongs to one of the heroes, and the Matinta erases that hero's name from the walls.	A promessa apontada como falsa pertence a um dos heróis, e a Matinta apaga seu nome das paredes.
enc.b1.result_3.success	The small window is torn out together with the presence hiding in its wood. Outside, the whistle blends into the wind and loses its strength. The doors and windows stop moving, and the group leaves the house.	A pequena janela é arrancada junto com a presença escondida em sua madeira. Do lado de fora, o assobio se mistura com o vento e perde a força. As portas e janelas param de se mover, e o grupo consegue deixar o casarão.
enc.b1.result_3.failure	The whistle leaves the small window before it is torn out and takes over every window in the house.	O assobio abandona o postigo antes que ele seja arrancado e ocupa todas as janelas da casa.
enc.b1.intro.1	A whistle slips through the cracks of an abandoned house. A moment later, the sound answers in the voice of the last hero who spoke.	Um assobio atravessa as frestas de um casarão abandonado. Logo depois, o som responde usando a voz do último herói que falou.
enc.b1.intro.2	Each time someone answers the whistle, a word vanishes from the group's memories. The doors and windows start moving like mouths, trying to repeat the heroes' names before they are forgotten. On the walls, promises scratched into the wood mix with the names and dates of former residents.	Cada vez que alguém responde ao assobio, uma palavra desaparece das lembranças do grupo. As portas e janelas começam a se mover como bocas, tentando repetir os nomes dos heróis antes que eles sejam esquecidos. Nas paredes, promessas riscadas na madeira se misturam a nomes e datas de antigos moradores.
choice.b1.approach_1	Compare the whistle with its echoes and find the crack that answers before the sound.	Comparar o assobio com os ecos e encontrar a fresta que responde antes do som.
choice.b1.approach_2	Study the promises written on the walls and find the one that was never made.	Examinar as promessas escritas nas paredes e descobrir qual delas nunca foi feita.
choice.b1.approach_3	Tear out the small window where the whistle hides and throw it out of the house.	Arrancar a pequena janela onde o assobio se esconde e jogá-la para fora do casarão.
enc.b2.result_1.success	The shadows stretch away from the candles, all but one, which turns toward its own flame. That shadow shows which figure is leading the procession. The group passes on the opposite side. The other souls follow their guide, leaving a way through the corridor. Once away from the candles, the heroes get back their memories of one another.	As sombras se alongam para longe das velas, menos uma, que se volta para a própria chama. Essa sombra mostra qual figura está guiando a procissão. O grupo passa pelo lado oposto. As outras almas seguem a guia, deixando livre uma passagem pelo corredor. Ao se afastarem das velas, os heróis recuperam as lembranças uns dos outros.
enc.b2.result_1.failure	The chosen shadow belongs to an ordinary dead soul; the figure in front snuffs out the candles of the living.	A sombra escolhida pertence a um morto comum; a figura da frente apaga as velas dos vivos.
enc.b2.result_2.success	The spell that ties the embroidered names to the heroes is broken. The letters lose their shape until only loose threads are left in the cloth. Without that tie, the souls no longer see the group as part of the procession. They go on down the corridor carrying blank cloths until they vanish into the dark.	O encantamento que liga os nomes bordados aos heróis é rompido. As letras perdem a forma, até restarem apenas fios soltos no tecido. Sem essa ligação, as almas deixam de reconhecer o grupo como parte da procissão. Elas seguem pelo corredor carregando panos vazios até desaparecerem na escuridão.
enc.b2.result_2.failure	The tie holds in the cloths and switches the embroidered names, drawing the group into the procession.	O vínculo resiste nos panos e troca os nomes bordados, incorporando o grupo ao cortejo.
enc.b2.result_3.success	The stitches of each name are carefully picked loose without tearing the cloths. The letters come apart before the candles go out. With no names to carry, the souls make room in the middle of the procession and let the group through.	Os pontos de cada nome são soltos com cuidado, sem rasgar os panos. As letras se desfazem antes que as velas se apaguem. Sem nomes para levar, as almas abrem espaço no meio da procissão e deixam o grupo passar.
enc.b2.result_3.failure	The stitching tears along with the burial cloth, and the souls recognize the names laid bare.	A costura se rompe junto com o tecido funerário, e as almas reconhecem os nomes expostos.
enc.b2.intro.1	A procession of shrouded figures crosses the corridor without moving their feet. Each one carries a lit candle and a cloth embroidered with the name of one of the heroes.	Uma procissão de figuras cobertas atravessa o corredor sem mover os pés. Cada uma carrega uma vela acesa e um pano bordado com o nome de um dos heróis.
enc.b2.intro.2	When a flame goes out, the hero tied to that candle starts to fade from their companions' memories. If every candle goes out, no one in the group will be able to remember who was there.<br>How should the group escape?	Quando uma chama se apaga, o herói ligado àquela vela começa a desaparecer das lembranças dos companheiros. Se todas se apagarem, ninguém no grupo conseguirá lembrar quem esteve ali.<br>Como o grupo deve escapar?
choice.b2.approach_1	Find the one figure whose shadow turns toward its own candle.	Encontrar a única figura cuja sombra se volta para a própria vela.
choice.b2.approach_2	Break the spell that ties the names embroidered on the cloths to the heroes.	Romper o feitiço que liga os nomes bordados nos panos aos heróis.
choice.b2.approach_3	Unpick the stitching of each name without tearing the procession's cloths.	Desmanchar a costura de cada nome sem rasgar os panos da procissão.
enc.b3.result_1.success	The memories keep changing, but some of the fiery eyes always stay in the same place. The group realizes these are the real eyes and avoids looking straight at them. Unable to trap anyone in images of the past, the lights close and the way appears.	As lembranças mudam sem parar, mas alguns olhos de fogo permanecem sempre no mesmo lugar. O grupo percebe que esses são os olhos verdadeiros e evita olhar diretamente para eles. Sem conseguir prender ninguém nas imagens do passado, as luzes se fecham e o caminho aparece.
enc.b3.result_1.failure	They take a reflection for a real eye, and the projected memories ring the group with fire.	Um reflexo é tomado por olho verdadeiro, e as lembranças projetadas cercam o grupo em fogo.
enc.b3.result_2.success	The eyes show different versions of the past to spread fear and confusion. The group picks one true memory and accepts none of the false images. Unable to change that memory, the fire loses its strength and fades into the dark.	Os olhos mostram versões diferentes do passado para causar medo e confusão. O grupo escolhe uma lembrança verdadeira e não aceita nenhuma das imagens falsas. Sem conseguir mudar essa memória, o fogo perde a força e desaparece na escuridão.
enc.b3.result_2.failure	The memory they hold on to has a lie in it; the burning versions of that memory wipe out the way back.	A memória sustentada contém uma mentira; suas versões queimadas apagam o caminho de volta.
enc.b3.result_3.success	The group spreads the cold clay over their skin and focuses on the touch of the damp earth. That feeling helps them tell the ground they are standing on from the memories the fire is showing. Instead of following the lights, everyone moves the way the wind points. The eyes try to open false paths, but they are left behind. At the exit, the clay falls away and no one loses their memories.	O grupo espalha o barro frio sobre a pele e se concentra no contato com a terra úmida. Essa sensação ajuda a distinguir o lugar onde está das lembranças mostradas pelo fogo. Em vez de seguir as luzes, todos avançam na direção indicada pelo vento. Os olhos tentam abrir caminhos falsos, mas ficam para trás. Ao chegar à saída, o barro cai e ninguém perde suas lembranças.
enc.b3.result_3.failure	The clay dries before the group reaches the exit. No longer feeling the damp earth, the heroes follow the lights again and get lost in their memories.	O barro seca antes de o grupo alcançar a saída. Sem sentir o contato com a terra úmida, os heróis voltam a seguir as luzes e se perdem nas lembranças.
enc.b3.intro.1	Points of fire appear in the dark like lidless eyes. The flames do not burn the body. Instead, they show memories the heroes have tried to hide.	Pontos de fogo aparecem na escuridão como olhos sem pálpebras. As chamas não queimam o corpo. Em vez disso, elas mostram lembranças que os heróis tentaram esconder.
enc.b3.intro.2	Inside those memories, people and places start to catch fire. The longer the heroes watch, the harder it is to tell what really happened from what the eyes made up. There is wet clay underfoot, and a draft runs through the place.	Dentro dessas lembranças, pessoas e lugares começam a pegar fogo. Quanto mais os heróis observam, mais difícil fica saber o que aconteceu de verdade e o que foi criado pelos olhos. Há barro úmido sob os pés, e uma corrente de ar atravessa o lugar.
choice.b3.approach_1	Tell the real eyes from the reflections that appear in the memories.	Separar os olhos verdadeiros dos reflexos que aparecem nas lembranças.
choice.b3.approach_2	Hold on to one true memory without looking at the burning versions.	Concentrar-se em uma lembrança verdadeira sem olhar para as versões em chamas.
choice.b3.approach_3	Cover your bodies in cold clay and follow the wind instead of the lights.	Cobrir o corpo com barro frio e seguir o vento em vez das luzes.
enc.b4.result_1.success	The group compares the carvings and gathers the demands that contradict each other. There is no way to keep one without breaking the other. When the contradiction is said out loud, the presence tries to change its story, but the words stay visible on the trunks. The debt loses its hold, and the roots pull back from the trail.	O grupo compara as inscrições e reúne as exigências que se contradizem. Não seria possível cumprir uma sem quebrar a outra. Quando a contradição é dita em voz alta, a presença tenta mudar sua história, mas as frases continuam visíveis nos troncos. A cobrança perde a força, e as raízes se afastam da trilha.
enc.b4.result_1.success.2	The group leaves while the voice is still trying to make up a new version.	O grupo sai enquanto a voz ainda tenta inventar uma nova versão.
enc.b4.result_1.failure	The demands seem to fit together, because the impostor changes the trunks while they compare them.	As exigências parecem compatíveis porque a imitadora altera os troncos durante a comparação.
enc.b4.result_2.success	The group recognizes the spell in the marks cut one over another: the presence uses Comadre Fulozinha's name to give its orders power. When the heroes undo that tie, the voice loses its disguise and shrinks to a murmur that can no longer command the trees. The carvings vanish, the branches part, and the group crosses the forest.	O grupo reconhece o encantamento nas marcas feitas umas por cima das outras: a presença usa o nome da Comadre Fulozinha para dar força às suas ordens. Quando os heróis desfazem essa ligação, a voz perde o disfarce e se transforma em um murmúrio que já não consegue comandar as árvores. As inscrições desaparecem, os galhos se abrem e o grupo atravessa a mata.
enc.b4.result_2.failure	The name they undo belongs to the true guardian, and the stolen voice grows louder among the trees.	O nome desfeito pertence à guardiã verdadeira, ampliando a voz roubada entre as árvores.
enc.b4.result_3.success	The group climbs the trunks and moves from branch to branch, above the roots blocking the trail. The voice keeps demanding the promise, but the heroes go on without answering. Everyone reaches the far side of the ring before the treetops meet. When they climb down outside the circle, they leave the presence behind.	O grupo sobe pelos troncos e passa de galho em galho, acima das raízes que bloqueiam a trilha. A voz continua cobrando a promessa, mas os heróis seguem sem responder. Todos alcançam o outro lado do cerco antes que as copas se juntem. Ao descerem fora do círculo, deixam a presença para trás.
enc.b4.result_3.failure	The treetops close the circle before they are across, bending the branches back to the same spot.	As copas completam o círculo antes da travessia, dobrando os galhos de volta ao mesmo ponto.
enc.b4.intro.1	The group enters a stretch of dense forest. A voice among the trees claims to be Comadre Fulozinha and demands a promise no one remembers making. Words appear on the trunks saying the heroes made that promise, but each tree tells a different version. One demands that they carry an offering into the forest; another forbids them to bring anything at all.	O grupo entra em um trecho de mata fechada. Uma voz entre as árvores diz ser a Comadre Fulozinha e cobra uma promessa que ninguém se lembra de ter feito. Nos troncos, surgem frases dizendo que os heróis fizeram aquela promessa, mas cada árvore conta uma versão diferente. Uma exige que levem uma oferenda para dentro da mata; outra proíbe que tragam qualquer coisa.
enc.b4.intro.2	The voice insists that someone accept the debt. Whenever a demand is repeated, roots close the trail and branches draw in above the group. The guardian's name is carved over older marks, as if someone were trying to hide another identity. High above, there is still room between the treetops to get through.	A voz insiste para que alguém aceite a cobrança. Sempre que uma exigência é repetida, raízes fecham a trilha e galhos se aproximam acima do grupo. O nome da guardiã aparece gravado sobre marcas mais antigas, como se alguém tentasse esconder outra identidade. No alto, ainda há espaço entre as copas para passar.
choice.b4.approach_1	Compare the demands on the trunks and show they cannot belong to the same promise.	Comparar as exigências nos troncos e mostrar que elas não podem fazer parte da mesma promessa.
choice.b4.approach_2	Break the spell that lets the presence use Comadre Fulozinha's name and pose as the forest's guardian.	Quebrar o feitiço que permite à presença usar o nome da Comadre Fulozinha e fingir ser a guardiã da mata.
choice.b4.approach_3	Climb the trees and cross the treetops before the branches close the way.	Subir pelas árvores e atravessar as copas antes que os galhos fechem a passagem.
enc.b5.result_1.success	The dates, names and scratches on the doors form a sequence. The group works out the order used to summon the figure in the mirror. Among the scratches, it finds the last line used to call her and erases it. That undoes the summoning. The figure disappears, and the reflections follow the heroes' gestures again without delay.	As datas, os nomes e os riscos nas portas formam uma sequência. O grupo descobre qual foi a ordem usada para chamar a figura do espelho. Entre os riscos, o grupo encontra a última frase usada para chamar a figura e a apaga. Isso desfaz o chamado. A figura desaparece e os reflexos voltam a acompanhar os gestos dos heróis sem atraso.
enc.b5.result_1.failure	The summoning they piece together uses the wrong date, and the oldest mirror swaps the face of whoever reads the summoning aloud.	A convocação reconstruída usa a data errada, e o espelho mais antigo troca o rosto de quem lê.
enc.b5.result_2.success	The mirror shows lost loved ones and a life without guilt, but those images are not real. The group refuses the trade and does not accept the reflections as part of the real world. Unable to fool anyone, the figure is trapped in the glass and disappears.	O espelho mostra pessoas perdidas e uma vida sem culpa, mas essas imagens não são verdadeiras. O grupo recusa a troca e não aceita os reflexos como parte do mundo real. Sem conseguir enganar ninguém, a figura fica presa no vidro e desaparece.
enc.b5.result_2.failure	The perfected reflection finds a guilt no one admitted and takes the place of whoever looked away.	O reflexo corrigido encontra uma culpa não admitida e ocupa o lugar de quem desviou os olhos.
enc.b5.result_3.success	The oldest mirror is taken off the wall and turned toward the others. The figure appears in several reflections at once and ends up trapped between them. The glass darkens, the apparition vanishes, and the group can leave.	O espelho mais antigo é retirado da parede e virado para os demais. A figura aparece em vários reflexos ao mesmo tempo e acaba presa entre eles. Os vidros escurecem, a aparição desaparece e o grupo pode sair.
enc.b5.result_3.failure	The glass shatters facing the others, multiplying the blonde figure across the whole bathroom.	O vidro se parte voltado para os demais, multiplicando a figura loira por todo o banheiro.
enc.b5.intro.1	The group enters an abandoned school bathroom. Mirrors cover the walls. When the heroes move together, their reflections do not repeat the gestures at the same time.	O grupo entra em um banheiro escolar abandonado. Vários espelhos cobrem as paredes. Quando os heróis se movem juntos, seus reflexos não repetem os gestos ao mesmo tempo.
enc.b5.intro.2	Names, dates and scratches cover the stall doors. A blonde figure always appears in the oldest mirror. Little by little, she trades places with whoever watches her: first she copies their clothes, then she takes their face, and at last she tries to step out of the mirror in their place.	Nomes, datas e riscos cobrem as portas. Uma figura loira aparece sempre no espelho mais antigo. Aos poucos, ela troca de lugar com quem a observa: primeiro copia a roupa, depois toma seu rosto e, por fim, tenta sair do espelho em seu lugar.
choice.b5.approach_1	Put together the dates, names and marks on the doors to find out how the apparition was first summoned.	Juntar as datas, os nomes e as marcas nas portas para descobrir como a aparição foi chamada pela primeira vez.
choice.b5.approach_2	Refuse the perfect reflection that promises to bring back the dead and wipe away old guilt.	Recusar o reflexo perfeito que promete trazer pessoas mortas de volta e apagar antigas culpas.
choice.b5.approach_3	Tear the oldest mirror off the wall and turn it against the others.	Arrancar o espelho mais antigo da parede e virá-lo contra os outros.
enc.b6.result_1.success	The group realizes that the repeated name lets the song steal other voices. By speaking it back down into the well, they break the spell. The well stops imitating the group's voices and answers only with a sound from the stones. With no stolen name to call new victims, the music fades and the hair stops climbing the walls.	O grupo percebe que o nome repetido permite à canção roubar outras vozes. Ao pronunciá-lo de volta para o fundo do poço, desfaz o encantamento. O poço deixa de imitar as vozes do grupo e responde apenas com um som vindo das pedras. Sem o nome roubado para chamar novas vítimas, a música desaparece e os cabelos param de subir pelas paredes.
enc.b6.result_1.success.2	The braid goes still under the boards, and the group crosses.	A trança fica imóvel sob as tábuas, permitindo que o grupo atravesse.
enc.b6.result_1.failure	The name they give back belongs to another well, and the song climbs the stones in the group's voice.	O nome restituído pertence a outro poço, e a canção sobe pelas pedras com a voz do grupo.
enc.b6.result_2.success	Even though it feels like being underwater, the group breathes slowly and does not join the song. The next verse goes unanswered, and the feeling of drowning starts to ease. When the singing ends, everyone can breathe normally again, and they cross the walkway.	Mesmo sentindo como se estivesse debaixo d’água, o grupo respira devagar e não acompanha a canção. O verso seguinte fica sem resposta, e a sensação de afogamento começa a diminuir. Quando o canto termina, todos conseguem respirar normalmente outra vez e atravessam a passarela.
enc.b6.result_2.failure	The next verse cuts off their breath, making the dry ground as suffocating as deep water.	O próximo verso interrompe a respiração, tornando o chão seco tão sufocante quanto água profunda.
enc.b6.result_3.success	The knots that tighten to the song's rhythm are loosened one at a time, without snapping the strand that holds up the boards. When the last knot comes open, the hair stops moving and the song loses its strength. The supporting strand holds firm, and the group crosses the walkway.	Os nós que se apertam ao ritmo da canção são soltos um de cada vez, sem romper a mecha que sustenta as tábuas. Quando o último nó é aberto, os cabelos deixam de se mover e a canção perde a força. A mecha de sustentação permanece firme, e o grupo atravessa a passarela.
enc.b6.result_3.failure	The knots tighten before the group can loosen them. The song grows stronger, and the feeling of drowning stops them from crossing.	Os nós se apertam antes que o grupo consiga soltá-los. A canção se intensifica, e a sensação de afogamento impede a travessia.
enc.b6.intro.1	The group finds a deep well, bone dry. A narrow walkway crosses its mouth to the exit. When someone looks down, a song rises in their own voice and repeats a name no one recognizes.	O grupo encontra um poço fundo, mas completamente seco. Uma passarela estreita cruza sua abertura até a saída. Quando alguém olha para baixo, uma canção sobe usando sua voz e repete um nome que ninguém reconhece.
enc.b6.intro.2	Wet hair rises from the well, clings to both edges and braids itself under the walkway's broken boards. One thick strand of hair holds up the crossing and runs down to the bottom like a rope; the others tighten into knots with every verse. The heroes feel water filling their lungs, though there is not a single drop around them.	Cabelos molhados sobem do poço, prendem-se às duas margens e se trançam sob as tábuas quebradas da passarela. Uma mecha grossa sustenta a travessia e continua até o fundo como uma corda; as outras se apertam em nós a cada verso. Os heróis sentem água entrando em seus pulmões, mesmo sem haver uma única gota ao redor.
choice.b6.approach_1	Give the well back the name the song stole and break the spell.	Devolver ao poço o nome roubado pela canção e quebrar o encantamento.
choice.b6.approach_2	Control your breathing, resist the feeling of drowning and don't answer the song.	Controlar a respiração, resistir à sensação de afogamento e não responder à canção.
choice.b6.approach_3	Undo the braid of hair without snapping the strand that holds up the walkway.	Desfazer a trança de cabelos sem arrebentar a mecha de cabelo que sustenta a passarela.
enc.b7.result_1.success	Every cry makes an echo, but one of them repeats the sound backward. Following that strange echo, the group finds the spot where the white cloth is being formed. There, a fold of cloth quivers with each cry. The group pins it against the wall, muffling the backward echo. The dates stop changing, and the strip falls to the floor.	Todos os gritos produzem ecos, mas um deles repete o som de trás para a frente. Seguindo esse eco estranho, o grupo encontra o ponto onde o tecido branco está sendo formado. Ali, uma dobra do tecido vibra a cada grito. O grupo a prende contra a parede, abafando o eco invertido. As datas deixam de mudar, e a faixa cai no chão.
enc.b7.result_1.failure	The backward echo is only the hall's delay; the real cry pulls every date closer to the present.	O eco invertido é apenas atraso do salão; o grito verdadeiro aproxima todas as datas do presente.
enc.b7.result_2.success	The group compares the dates and notices that one of them counts down differently. Under its numbers appears a name that belongs to none of the heroes, written before the rest. By reading that name, the group reveals that the white cloth is repeating someone else's omen of death. The heroes' names vanish and the cloth rises back to the ceiling.	O grupo compara as datas e percebe que uma delas recua de maneira diferente. Sob seus números, surge um nome que não pertence a nenhum dos presentes, escrito antes dos demais. Ao ler esse nome, o grupo revela que o tecido branco está repetindo a previsão de morte de outra pessoa. Os nomes dos heróis desaparecem e o tecido volta para o teto.
enc.b7.result_2.failure	The death they single out as strange bears a hero's name, which finishes appearing on the white cloth.	A morte apontada como estranha traz o nome de um herói, que termina de surgir no tecido branco.
enc.b7.result_3.success	The feathers on the floor are pushed by a draft the white cloth cannot reach. The group follows that narrow path while the cloth comes down around them. The white cloth stretches after the heroes, but it cannot reach the passage. Everyone makes it to the other side.	As penas no chão são empurradas por uma corrente de ar que o tecido branco não consegue alcançar. O grupo segue esse caminho estreito enquanto o tecido desce ao redor. O tecido branco se estica atrás dos heróis, mas não alcança a passagem. Todos conseguem chegar ao outro lado.
enc.b7.result_3.failure	The feathers lead to a draft the cloth has closed off, and it wraps the exit completely.	As penas conduzem a uma corrente de ar fechada pelo tecido, que envolve a saída por inteiro.
enc.b7.intro.1	The cry of an unseen bird cuts through the silence and tears a rip in the ceiling. A long strip of white cloth falls through the opening, covered in dates that have not happened yet.	O grito de uma ave invisível corta o silêncio e abre um rasgo no teto. Uma longa faixa de tecido branco cai pela abertura, coberta por datas que ainda não aconteceram.
enc.b7.intro.2	With each new cry, one of the dates changes and draws closer to today. At the same time, the name of one of the heroes starts to appear on the cloth. When the date on the cloth is today's, the omen of death will come true. Fallen feathers drift across the floor, carried by a draft.	A cada novo grito, uma das datas muda e se aproxima do dia atual. Ao mesmo tempo, o nome de um dos heróis começa a aparecer no tecido. Quando a data no tecido for a de hoje, a previsão de morte vai se cumprir. Penas caídas se arrastam pelo chão, levadas por uma corrente de ar.
choice.b7.approach_1	Compare each cry with its echo and find the sound that repeats backward.	Comparar cada grito com seu eco e encontrar o som que se repete ao contrário.
choice.b7.approach_2	Study the order of the dates and find the death that doesn't belong to the group.	Examinar a ordem das datas e descobrir qual morte não pertence ao grupo.
choice.b7.approach_3	Follow the feathers and the drafts to a passage beyond the cloth's reach.	Seguir as penas e as correntes de ar até uma passagem fora do alcance do tecido.
enc.b8.result_1.success	The door drawing on the wall is erased before its last line appears. The drawing works as an invitation to the creature, and without it finished, the creature cannot come in. The teeth around the opening break, the wall goes back to normal and the sound of hooves moves away. With the rooms still, the group reaches the opening under the roof and gets out.	O desenho da porta na parede é apagado antes que seu último traço apareça. Esse desenho funciona como um convite para a criatura, e sem ele completo ela não consegue entrar. Os dentes ao redor da passagem se quebram, a parede volta ao normal e o som dos cascos se afasta. Com os cômodos parados, o grupo consegue alcançar a abertura sob o telhado e sair.
enc.b8.result_1.failure	The invitation mark is finished before it can be closed, opening a toothed mouth in the wall.	A marca de convite se completa antes de ser fechada, abrindo uma boca dentada na parede.
enc.b8.result_2.success	The creature imitates the voices of lost children, but no one answers. Without an answer, it cannot make new doors. The voices grow weaker and weaker, the teeth fall from the wall and the creature leaves hungry. The group uses the silence to reach the opening under the roof and leave the house.	A criatura imita vozes de crianças perdidas, mas ninguém responde. Sem receber uma resposta, ela não consegue criar novas portas. As vozes ficam cada vez mais fracas, os dentes caem da parede e a criatura vai embora com fome. O grupo aproveita o silêncio para alcançar a abertura sob o telhado e deixar a casa.
enc.b8.result_2.failure	A child's voice imitates a familiar plea and gets an answer, making new doors all around.	Uma voz infantil imita um pedido conhecido e recebe resposta, criando novas portas ao redor.
enc.b8.result_3.success	The group squeezes into the narrow space between the beams and moves on while the false doors devour the rooms. The creature tries to reach everyone through the walls, but it does not fit between the pieces of wood. The group reaches the opening under the roof and gets out before the house collapses.	O grupo entra no espaço estreito entre as vigas e avança enquanto as portas falsas devoram os cômodos. A criatura tenta alcançar todos pelas paredes, mas não cabe entre os pedaços de madeira. O grupo alcança a abertura sob o telhado e sai antes que a casa desabe.
enc.b8.result_3.failure	The beams end at a false entrance, whose teeth close the room behind the group.	O madeiramento termina numa entrada falsa, cujos dentes fecham o cômodo atrás do grupo.
enc.b8.intro.1	The group is trapped inside a house with no doors. Outside, a hoofed creature circles the walls and calls to the heroes in the voices of lost children.	O grupo está preso dentro de uma casa sem portas. Do lado de fora, uma criatura com cascos caminha ao redor das paredes e chama pelos heróis usando vozes de crianças perdidas.
enc.b8.intro.2	Each time someone answers, the drawing of a door appears on the wall. Teeth start to grow around the opening, and the creature gets closer to coming in. The more doors appear, the smaller the rooms of the house become. High up, part of the plaster has fallen away, baring the beams and an opening under the roof.	Cada vez que alguém responde, o desenho de uma porta surge na parede. Dentes começam a crescer ao redor da passagem, e a criatura fica mais perto de entrar. Quanto mais portas aparecem, menores ficam os cômodos da casa. No alto, parte do reboco caiu e deixou à mostra as vigas e uma abertura sob o telhado.
choice.b8.approach_1	Erase the door drawing before it is finished and lets the creature in.	Apagar o desenho da porta antes que ele fique completo e permita a entrada da criatura.
choice.b8.approach_2	Ignore the children's voices and don't answer the pleas coming from the walls.	Ignorar as vozes das crianças e não responder aos pedidos vindos das paredes.
choice.b8.approach_3	Climb the wooden beams to the opening under the roof before the false doors destroy the rooms.	Subir pelas vigas de madeira até a abertura sob o telhado, antes que as portas falsas destruam os cômodos.
threshold.physical.ivai	The church leans over ancient roots. The path goes on beneath the altar, where the stone seems to breathe.	A igreja se inclina sobre raízes antigas. O caminho segue sob o altar, onde a pedra parece respirar.
threshold.supernatural.ivai	The park's rides creak with no wind. A voice calls from inside the oldest fig tree.	As atrações do parque rangem sem vento. Uma voz chama de dentro da figueira mais velha.
threshold.final.ivai	The overlapping pieces lead to the ruins of the Broken Village and the Council House.	As peças sobrepostas conduzem às ruínas do Vilarejo Partido e à Casa do Conselho.
death.a1.context	The other bottles burst open and the whirlwinds join together. A wall of wind and glass blocks the exit. To open a way through, one of the heroes has to hold the window from inside. The rest of the group escapes, but the hero is torn off the ground and carried away by the whirlwind.	as outras garrafas se abrem e os redemoinhos se juntam. Uma parede de vento e vidro bloqueia a saída. Para abrir uma passagem, um dos heróis precisa segurar a janela por dentro. O restante do grupo consegue escapar, mas o herói é arrancado do chão e levado pelo redemoinho.
death.a2.context	The vines are triggered and several trees crash down, blocking the paths. The group is pushed into a passage ringed with stakes. So the others can escape, one of the heroes has to stay behind and hold up the last trunk. When the companions are through, the hero's arms give out and the trunk crushes the hero against the stakes.	os cipós são acionados e várias árvores tombam, bloqueando os caminhos. O grupo é empurrado para uma passagem cercada por estacas. Para que os outros escapem, um dos heróis precisa ficar para trás e segurar o último tronco. Quando os companheiros passam, seus braços cedem e o tronco o esmaga contra as estacas.
death.a3.context	The pestle breaks loose from its rails and starts chasing the group. To keep it from reaching the others, one of the heroes has to lure it to the central mortar and stand beneath the pestle as it comes down. The blow wedges the pestle in place and lets the rest of the group escape.	o socador se solta dos trilhos e começa a perseguir o grupo. Para impedir que ele alcance os outros, um dos heróis precisa atraí-lo até o pilão central e ficar sob o socador quando ele descer. O golpe prende o socador e permite que o restante do grupo escape.
death.a4.context	The bars close all at once. To keep the last gap open, one of the heroes has to stand in the middle of the cage and bear the pressure. The others escape. As soon as they are through, the bars crush the hero left behind.	as barras se fecham de uma vez. Para manter a última passagem aberta, um dos heróis precisa ficar no centro da jaula e suportar a pressão. Os outros conseguem escapar. Assim que passam, as barras esmagam o herói que ficou para trás.
death.a5.context	The mule charges down the corridor and rings the group with fire. The tap gives way, but it only lets water through while someone holds it open. One of the heroes has to stay beside it to keep the flames low while the others cross. When the rest of the group reaches the exit, the tank runs dry. The water stops, and the fire reaches the hero before there is time to get out.	a mula dispara pelo corredor e cerca o grupo com fogo. O registro cede, mas só deixa a água passar enquanto alguém o segura aberto. Um dos heróis precisa ficar junto dele para manter as chamas baixas enquanto os outros atravessam. Quando o restante do grupo chega à saída, a cisterna esvazia. A água para, e o fogo alcança o herói antes que ele consiga sair.
death.a6.context	The roots coil around the group and tie themselves into a knot. To free the companions, one of the heroes has to let the trunk take hold. The plant lets the others go, but the hero stays trapped and becomes part of the tree.	as raízes se enrolam ao redor do grupo e formam um nó. Para libertar os companheiros, um dos heróis precisa se deixar prender pelo tronco. A planta solta os demais, mas o herói fica preso e se torna parte da árvore.
death.a7.context	The hooks drag every sack to the center and block the corridor. To clear the exit, one of the heroes has to climb into a sack and act as a counterweight. The way opens for the others, but the sack with the hero inside is carried to the press and crushed.	os ganchos puxam todos os sacos para o centro e bloqueiam o corredor. Para liberar a saída, um dos heróis precisa entrar em um saco e servir de contrapeso. A passagem se abre para os outros, mas o saco com o herói é levado até a prensa e esmagado.
death.a8.context	Two feet land on the same beam, and the roof starts to collapse. To keep it all from falling at once, one of the heroes has to stand under the main beam and take the blow. The others escape, but the ceiling caves in on the one left behind.	dois pés atingem a mesma viga, e o telhado começa a desabar. Para impedir que tudo caia de uma vez, um dos heróis precisa ficar sob a viga principal e sustentar o impacto. Os outros conseguem escapar, mas o teto desaba sobre quem ficou para trás.
death.b1.context	The whistle starts erasing the group's voices. To drive the presence away, one of the heroes has to speak their own name before their voice disappears. The house takes that voice for itself and forgets the others, who manage to escape. The hero becomes the new voice trapped in the house.	o assobio começa a apagar as vozes do grupo. Para afastar a presença, um dos heróis precisa dizer o próprio nome antes que sua voz desapareça. A casa toma essa voz para si e esquece os demais, que conseguem escapar. O herói passa a ser a nova voz presa no casarão.
death.b2.context	Every candle goes out, and the souls start treating the heroes as if they, too, were dead members of the procession. To drive the souls away, one of the heroes has to take the leading candle and go on with the dead. The procession leaves, taking the hero with it, while the others escape.	todas as velas se apagam, e as almas passam a tratar os heróis como se eles também fossem mortos da procissão. Para afastar as almas, um dos heróis precisa tomar a vela da frente e seguir com os mortos. A procissão vai embora levando o herói, enquanto os outros conseguem escapar.
death.b3.context	Every eye turns to a memory that belongs to the whole group. To free the others, one of the heroes has to accept that memory as if it were theirs alone. The companions get their own past back, but the hero is trapped forever inside the memory.	todos os olhos se voltam para uma lembrança que pertence ao grupo inteiro. Para libertar os outros, um dos heróis precisa aceitar aquela lembrança como se fosse somente sua. Os companheiros recuperam o próprio passado, mas o herói fica preso para sempre dentro da lembrança.
death.b4.context	The trunks start repeating the same demand, and the forest closes in completely. The false promise now binds the whole group. To open the way, one of the heroes has to take on the deal alone and follow the voice into the forest. The roots pull back to let the others out, but the trees close behind the hero, who vanishes into the forest and does not return.	os troncos passam a repetir a mesma cobrança, e a mata se fecha por completo. A promessa falsa agora prende todo o grupo. Para abrir o caminho, um dos heróis precisa assumir o acordo sozinho e seguir a voz para dentro da floresta. As raízes se afastam para deixar os outros sair, mas as árvores se fecham atrás do herói, que desaparece na mata e não retorna.
death.b5.context	The reflections stop imitating the group and start stepping out of the mirrors. To force them back, one of the heroes has to step into the only empty glass and take the blonde figure's place. The others escape, but the hero stays trapped in the mirror.	os reflexos param de imitar o grupo e começam a sair dos espelhos. Para obrigá-los a voltar, um dos heróis precisa entrar no único vidro que ficou vazio e ocupar o lugar da figura loira. Os outros escapam, mas o herói permanece preso no espelho.
death.b6.context	The invisible water fills the lungs of the whole group. So the others can breathe again, one of the heroes has to climb down the lock of hair that reaches the bottom of the well and answer the song. The song falls silent, but the hero does not come back.	a água invisível enche os pulmões de todo o grupo. Para que os outros voltem a respirar, um dos heróis precisa descer pela mecha de cabelo que chega ao fundo do poço e responder ao canto. A canção se cala, mas o herói não retorna.
death.b7.context	Today's date appears in full, and the shroud falls over the group. To open a way out, one of the heroes has to write their own name on the cloth and accept the omen. The shroud tears and frees the others, but it closes around the one who wrote the name.	a data atual aparece por inteiro, e a mortalha cai sobre o grupo. Para abrir uma saída, um dos heróis precisa escrever o próprio nome no tecido e aceitar o presságio. A mortalha se rasga e liberta os outros, mas se fecha ao redor de quem escreveu o nome.
death.b8.context	Every door opens at once and forms a single enormous mouth. To make the house go back to normal, one of the heroes has to answer the call and step through the opening. The mouth closes over the hero and vanishes with them. The walls stop closing in, and the others reach the opening under the roof.	todas as portas se abrem ao mesmo tempo e formam uma única boca enorme. Para fazer a casa voltar ao normal, um dos heróis precisa responder ao chamado e atravessar a passagem. A boca se fecha sobre o herói e desaparece com ele. As paredes param de avançar, permitindo que os outros alcancem a abertura sob o telhado.
farewell.h1.gorvak	I'll stay here. I'll buy you time to get through. Don't waste it.	Eu fico aqui. Vou dar a vocês tempo para passar. Não desperdicem esse tempo.
farewell.h2.elowen	<I>When I run, don't look back.</I>	<I>Quando eu correr, não olhem para trás.</I>
farewell.h3.griznik	<I>I'll hold up the structure. You take the way out.</I>	<I>Eu seguro a estrutura. Vocês aproveitem a saída.</I>
farewell.h4.seraphina	<I>Live. Then decide what this death means.</I>	<I>Vivam. Depois decidam o que esta morte significa.</I>
farewell.h5.bimbren	<I>My road ends here. Yours doesn't.</I>	<I>Minha rota termina aqui. A de vocês, não.</I>
farewell.h6.liora	<I>The path is marked. Don't let it end with me.</I>	<I>O caminho está marcado. Não deixem que termine comigo.</I>
farewell.h7.vaelith	<I>Take the pages. Make my last line count.</I>	<I>Levem as páginas. Façam minha última linha valer.</I>
farewell.h8.draska	<I>I'll mark the path. You finish walking it.</I>	<I>Eu marco o caminho. Vocês terminam de percorrê-lo.</I>
campaign.automatic_retreat.narrator	With no one left on the expedition to carry on, Ivaí returns to the tavern. The survivors who stayed in town can form a new group.	Sem ninguém na expedição para continuar, Ivaí retorna à taverna. Os sobreviventes que ficaram na cidade poderão formar um novo grupo.
lover.physical.narrator	Beneath the altar, Pérola remains merged with the stone, conscious and protected by one broken half of the oath.	Sob o altar, Pérola permanece incorporada à pedra, consciente e protegida por uma metade quebrada do juramento.
lover.physical.warning.perola	The other shore guards the way. Don't trust a promise that hides its price.	A outra margem guarda o caminho. Não confiem numa promessa que omite o preço.
reward.physical.narrator	You received the dwarven piece of the map.	Você recebeu a peça anã do mapa.
lover.physical.second.perola	If Floraí has already given you his piece, then Andirá has led you to the choice she wants.	Se Floraí já entregou a peça dele, então Andirá conduziu vocês até a escolha que deseja.
lover.supernatural.narrator	Floraí speaks from among the roots of the fig tree that holds him prisoner, still apart from Pérola.	Floraí fala entre as raízes da figueira que o mantém prisioneiro, ainda separado de Pérola.
lover.supernatural.warning.florai	Look for the other piece. And distrust any voice that says there is only one way out.	Procurem a outra peça. E desconfiem de toda voz que diga haver apenas uma saída.
reward.supernatural.narrator	You received the elven piece of the map.	Você recebeu a peça élfica do mapa.
lover.supernatural.second.florai	If Pérola spoke first, then someone knows the order of our steps and is waiting for the reunion.	Se Pérola falou primeiro, então alguém conhece a ordem dos nossos passos e espera pelo reencontro.
sacrifice.warning	This choice cannot be undone.<br>The first person you select will die at once to open the passage.<br>There will be no confirmation and no turning back.	A escolha é irreversível. A primeira pessoa ativada morrerá imediatamente para abrir a passagem. Não haverá confirmação ou retorno.
ui.sacrifice.title	Choose a hero to save the group	Escolha um herói para salvar o grupo
choice.sacrifice	Sacrifice	Sacrificar
conv.select	Select	Selecionar
conv.remove	Remove from party	Retirar do grupo
choice.conv.talk	Talk	Conversar
choice.conv.back	Back to the tavern	Voltar à taverna
memorial.cause.a1	Held the window open and vanished into the whirlwind.	Desapareceu no redemoinho enquanto mantinha a janela aberta.
memorial.cause.a2	Held up the last trunk to open the passage.	Sustentou o último tronco<br>para abrir a passagem.
memorial.cause.a3	Took the blow that stopped the pestle.	Recebeu o impacto que<br>deteve o socador.
memorial.cause.a4	Died as the ribs of the passage closed in.	Morreu na compressão das<br>costelas da passagem.
memorial.cause.a5	Held the water tap open and died in the flames.	Morreu nas chamas ao manter o registro de água aberto para os outros passarem.
memorial.cause.a6	Joined with the trunk to free the group.	Uniu-se ao tronco para<br>libertar o grupo.
memorial.cause.a7	Was carried in a sack to the press to open the exit.	Seguiu num saco até a<br>prensa para abrir a saída.
memorial.cause.a8	Held up the beam under the collapsing roof.	Sustentou a viga sob o<br>telhado que desabava.
memorial.cause.b1	Gave up their own name and became the voice of the house.	Entregou o próprio nome e<br>virou a voz da casa.
memorial.cause.b2	Took the leading candle and left with the dead.	Levou a vela da frente e<br>partiu com os mortos.
memorial.cause.b3	Stayed in the memory they took as their own.	Ficou na lembrança que<br>tomou para si.
memorial.cause.b4	Took on the promise and vanished into the forest.	Assumiu a promessa e<br>desapareceu na floresta.
memorial.cause.b5	Stepped into the mirror to fill the empty place.	Entrou no espelho para<br>ocupar o lugar vazio.
memorial.cause.b6	Answered the song at the bottom of the well.	Desceu ao poço e respondeu<br>ao canto no fundo.
memorial.cause.b7	Wrote their name on the shroud and accepted the omen.	Escreveu o nome na<br>mortalha e aceitou o<br>presságio.
memorial.cause.b8	Answered the call and walked through the mouth of the house.	Atendeu ao chamado e<br>atravessou a boca da casa.
ui.credits.skip	Skip credits · Esc	Pular créditos · Esc
credits.title	The Dryland Drowned	Afogados em Terra Seca
credits.plugins	Plugins: VisuStella	Plugins: VisuStella
council.rheed.1	<I>In the vault, we found the second half of the medallion and a record from Palotina. When we brought the two pieces together to examine them, Ivaí lost his composure.</I>	<I>No cofre, encontramos a segunda metade do medalhão e um registro de Palotina. Quando aproximamos as duas peças para examiná-las, Ivaí perdeu a compostura.</I>
council.ivai.1	<I>Don't put them together! If you restore the medallion, I die!</I>	<I>Não juntem! Se restaurarem o medalhão, eu morro!</I>
council.rheed.2	<I>He realized what he had said. But it was too late. The record confirmed it: joining the halves would free Floraí and Pérola, at the cost of Ivaí's life. Destroying them would save the bard, but hand the lovers and their memories over to Andirá.</I>	<I>Ele percebeu o que tinha dito. Mas já era tarde. O registro confirmou: reunir as metades libertaria Floraí e Pérola, ao custo da vida de Ivaí. Destruí-las salvaria o bardo, mas entregaria os amantes e suas memórias a Andirá.</I>
council.rheed.3	<I>Those who had made it there with him demanded an explanation. Ivaí heard accusations, questions about the reward, and one charge he could not escape: why had he hidden the truth?</I>	<I>Quem chegou até ali com ele exigiu uma explicação. Ivaí ouviu acusações, perguntas sobre a recompensa e uma cobrança que não conseguiu evitar: por que tinha escondido a verdade?</I>
council.ivai.2	<I>I already knew about the curse. I meant to destroy the medallion from the start. I was afraid no one would come if they knew.</I>	<I>Eu já conhecia a maldição. Pretendia destruir o medalhão desde o início. Tive medo de que ninguém viesse se soubesse.</I>
council.andira	In the still water, a silhouette with dark wings smiles without leaving the reflection: <I>\EFFECT<SoftShiver>Now choose freely.<CLEAR EFFECTS></I>	Na água parada, uma silhueta de asas escuras sorri sem sair do reflexo: <I>\EFFECT<SoftShiver>Agora escolha livremente.<CLEAR EFFECTS></I>
council.gorvak.1	Look at us, Ivaí. You brought us all this way without telling the truth. You made every one of us run a risk we didn't even know about. You have to answer for every life lost.	Olhe para nós, Ivaí. Você nos trouxe até aqui sem contar a verdade. Fez todos nós corrermos um risco que nem conhecíamos. Você precisa responder por cada vida perdida.
council.gorvak.2	Restore the medallion and free Floraí and Pérola. I know it will cost your life. But it isn't fair to hand the two of them to Andirá to save yourself. This time, it's on you to pay the price of your choice.	Reúna o medalhão e liberte Floraí e Pérola. Sei que isso vai custar sua vida. Mas não é justo entregar os dois a Andirá para se salvar. Desta vez, cabe a você pagar o preço da sua escolha.
council.elowen.1	You knew, Ivaí! And you let us go on without saying anything? How was I supposed to protect anyone from a danger you hid?	Você sabia, Ivaí! E deixou a gente seguir sem contar nada? Como eu ia proteger alguém de um perigo que você escondeu?
council.elowen.2	Destroy the medallion. I know Andirá will absorb Floraí and Pérola, even the memories they have of each other. Even so, I want you alive to answer for what you did and make up for whatever you can. And don't mistake that for forgiveness.	Destrua o medalhão. Sei que Andirá vai absorver Floraí e Pérola, até as lembranças que têm um do outro. Ainda assim, quero você vivo para responder pelo que fez e reparar o que puder. E não confunda isso com perdão.
council.griznik.1	Wait, Ivaí. You already had half of the medallion, you knew about the curse, and you wanted to find the other half to destroy the artifact. But to us, you only talked about treasure. Every time we decided to go on, part of the story was missing.	Espere, Ivaí. Você já tinha metade do medalhão, sabia da maldição e queria encontrar a outra metade para destruir o artefato. Mas, para nós, falou só do tesouro. Cada vez que a gente decidia seguir, faltava uma parte da história.
council.griznik.2	Destroy the medallion. I know Andirá will absorb Floraí and Pérola and the memories they have of each other. I have no way to fix that. But I want the deaths caused by your bloodline's curse to end here. You will live, tell the truth and make up for whatever you still can. Start by hiding nothing from anyone.	Destrua o medalhão. Sei que Andirá vai absorver Floraí e Pérola e as lembranças que têm um do outro. Não tenho como consertar isso. Mas quero que as mortes causadas pela maldição da sua linhagem terminem aqui. Você vai viver, contar a verdade e reparar o que ainda puder. Comece sem esconder nada de ninguém.
council.seraphina.1	You knew about the curse, Ivaí. We didn't. We agreed to look for a treasure. You hid the risks and decided for us. I still want to help you, but that doesn't excuse what you did.	Você sabia da maldição, Ivaí. Nós não. Aceitamos procurar um tesouro. Você escondeu os riscos e decidiu por nós. Ainda quero ajudar você, mas isso não desculpa o que fez.
council.seraphina.2	Restore the medallion and free Floraí and Pérola. The oath was their choice, both of them. They have the right to be together. I know restoring it will cost your life, and it hurts me to ask this. But I can't advise you to hand the two of them to Andirá to save yourself.	Reúna o medalhão e liberte Floraí e Pérola. O juramento foi uma escolha dos dois. Eles têm o direito de ficar juntos. Sei que restaurá-lo vai custar sua vida, e me dói pedir isso. Mas não posso recomendar que você entregue os dois a Andirá para se salvar.
council.bimbren.1	The mission you presented to us was a fraud, Ivaí. I promised to help find your family's treasure. You hid the curse and led us to work for your salvation. You can't hold us to a commitment we never accepted.	A missão que você nos apresentou era uma fraude, Ivaí. Prometi ajudar a buscar o tesouro da sua família. Você escondeu a maldição e nos levou a trabalhar pela sua salvação. Não pode cobrar de nós um compromisso que nunca aceitamos.
council.bimbren.2	Restore the medallion and free Floraí and Pérola. The two of them made their oath of their own free will. That commitment must be respected. I know restoring the oath will cost your life, but handing them to Andirá to save yourself would drag out the injustice they have suffered.	Reúna o medalhão e liberte Floraí e Pérola. Os dois fizeram seu juramento por vontade própria. Esse compromisso deve ser respeitado. Sei que restaurar o juramento vai custar sua vida, mas entregar os dois a Andirá para se salvar prolongaria a injustiça que sofreram.
council.liora.1	There were references in the records that never showed up in what you told us, Ivaí. I noticed. I should have spoken up, but I hid my doubts so I wouldn't seem lost again. You knew what you were leaving out. I suspected, and I kept quiet.	Havia referências nos registros que não apareciam no que você nos contou, Ivaí. Eu percebi. Devia ter falado, mas escondi minhas dúvidas para não parecer que estava perdida outra vez. Você sabia o que estava omitindo. Eu suspeitava e fiquei calada.
council.liora.2	Destroy the medallion. I know this hands Floraí, Pérola and their memories over to Andirá. Even so, I want you alive to answer for what you did and record the truth. I'll also tell what I kept quiet about. Whoever hears this story needs to know where each of us went wrong.	Destrua o medalhão. Sei que isso entrega Floraí, Pérola e as lembranças dos dois a Andirá. Ainda assim, quero você vivo para responder pelo que fez e registrar a verdade. Vou contar também o que calei. Quem ouvir essa história precisa saber em que errou cada um de nós.
council.vaelith.1	So that's why the records reached me incomplete. You removed exactly what we needed to know, Ivaí. You wanted to destroy the medallion before we understood what it protected. I could have studied the warnings. You decided I shouldn't read them.	Então foi por isso que os registros chegaram incompletos às minhas mãos. Você retirou justamente o que precisávamos saber, Ivaí. Queria destruir o medalhão antes que entendêssemos o que ele protegia. Eu poderia ter estudado as advertências. Você decidiu que eu não devia lê-las.
council.vaelith.2	Restore the medallion. Renew the oath and free Floraí and Pérola. I know the curse will claim your life. Even so, destroying their protection to save yourself would condemn them. Preserve the artifact and the records. We need proof of what happened so that no one ever hides this story again.	Reúna o medalhão. Restaure o juramento e liberte Floraí e Pérola. Sei que a maldição vai cobrar sua vida. Ainda assim, destruir a proteção dos dois para se salvar seria condená-los. Preserve o artefato e os registros. Precisamos de provas do que aconteceu para que ninguém volte a esconder essa história.
council.draska.1	You promised a share of the treasure, Ivaí. You hid the curse and what you meant to do with the medallion. We had no way to weigh the risk. We could check every passage and still die from something you already knew.	Você prometeu uma parte do tesouro, Ivaí. Escondeu a maldição e o que pretendia fazer com o medalhão. Não tínhamos como avaliar o risco. Podíamos conferir cada passagem e ainda assim morrer por algo que você já sabia.
council.draska.2	Destroy the medallion. Andirá will absorb Floraí, Pérola and their memories. I know what I'm asking. But I'm choosing to keep you alive and end your bloodline's curse. It's the least harm I can live with right now. Afterward, you'll have to answer for what you did and help the people you hurt. I won't let you treat your own survival as a reward.	Destrua o medalhão. Andirá vai absorver Floraí, Pérola e as lembranças dos dois. Sei o que estou pedindo. Mas vou escolher manter você vivo e encerrar a maldição da sua linhagem. É o menor dano que consigo aceitar agora. Depois, você terá de responder pelo que fez e ajudar quem prejudicou. Não vou deixar que trate a própria sobrevivência como recompensa.
council.irati.narrator	Irati's last note confirms that the choice can only be made freely and that neither consequence can be avoided.	O último excerto de Irati confirma que a escolha só pode ser voluntária e que nenhuma das duas consequências pode ser evitada.
closing.reunite.1	The Master pushed those two halves together. Just like that, the stone let go of Pérola, and the roots finally spat out Floraí. But the toll... I saw the Master gasping. Clawing at his throat. He hit the dirt, drowning on dry land.	O Mestre juntou aquelas duas metades. Num instante, a pedra soltou Pérola, e as raízes finalmente cuspiram Floraí. Mas o preço... Vi o Mestre ofegante, agarrando a própria garganta. Ele caiu no chão, afogando-se em terra firme.
closing.reunite.2	As for those two? They finally found each other. Just grabbed hands and walked away. Andirá is still out there, lurking in the deep... but it couldn't touch 'em. Not anymore.	Quanto aos dois amantes? Elas finalmente se reencontraram. Simplesmente deram as mãos e foram embora. Andirá ainda está por aí, à espreita nas profundezas... mas não pôde tocá-las. Não mais.
closing.destroy.1	But the Master... he shattered the pieces instead. I heard him take a breath. A real, deep breath, with no pain in his chest. The bloodline's curse died right there. But the cost? Black water rose up and swallowed Pérola and Floraí whole. Andirá dragged 'em down... took their lives, and every memory of their love with it.	Mas o Mestre... ele acabou estilhaçando as peças. Ouvi quando ele respirou. Uma respiração profunda e verdadeira, sem dor no peito. A maldição da linhagem morreu ali mesmo. Mas o custo? Águas negras subiram e engoliram Pérola e Floraí por inteiro. Andirá as arrastou para o fundo... levou suas vidas e, com elas, toda memória do amor que sentiam.
closing.destroy.2	He walked away breathing. But I'll never forget how he just stood there... staring down at that shattered metal, without saying a single word.	Ele foi embora respirando. Mas jamais esquecerei como ele ficou ali parado... olhando fixamente para aquele metal estilhaçado, sem dizer uma única palavra.
closing.total_loss.1	A puddle appears on the dry ground. In the reflection, Ivaí sees Andirá. Ivaí runs out of air, falls to the ground and drowns. He never gets to make the choice about the medallion.	Uma poça aparece no chão seco. No reflexo, Ivaí vê Andirá. Ivaí fica sem ar, cai no chão e morre afogado. Ele não chega a fazer a escolha sobre o medalhão.
closing.total_loss.2	Afterward, the names of the dead heroes appear, followed by the game over screen.	Depois, aparecem os nomes dos heróis mortos e a tela de fim de jogo.
epilogue.gorvak.1	When he returns, Gorvak finds the remains of the old forge covered in dust. He uses his reward to rebuild it and calls his apprentices back. For weeks, the sound of hammers fills the street again.	Quando retorna, Gorvak encontra os restos da antiga forja cobertos de poeira.<br> Usa sua recompensa para reconstruí-la e chama de volta os aprendizes. Durante<br> semanas, o som dos martelos volta a ocupar a rua.
epilogue.gorvak.2	Above the entrance, he carves the names of the companions who did not survive the expedition.	Acima da entrada, ele grava os nomes dos companheiros que não sobreviveram à<br> expedição.
epilogue.elowen.1	Elowen uses her reward to make sure her community's forest stays protected. She spends her first days back walking the familiar trails.	Elowen usa sua recompensa para garantir que a mata de sua comunidade permaneça<br> protegida. Os primeiros dias de volta são passados percorrendo as trilhas
epilogue.elowen.2	At some bends, she still turns to say something to someone who is no longer behind her.	conhecidas. Em algumas curvas, ainda se vira para comentar algo com quem já<br> não está atrás dela.
epilogue.elowen.3	Soon she starts training new scouts. She teaches them to cross rivers, spot traps and find a foothold where there seems to be no way through.	Logo começa a treinar novos batedores. Ensina a atravessar rios, reconhecer<br> armadilhas e encontrar apoio onde parece não existir passagem. Continua
epilogue.elowen.4	She is still a tease and almost impossible to catch in a race, but now she stops the march to check that everyone is keeping up.	provocadora e quase impossível de alcançar numa corrida, mas agora interrompe<br> a marcha para conferir se todos acompanham.
epilogue.griznik.1	Griznik opens the workshop he always wanted. On the wall behind his workbench, he arranges the splinters gathered during the expedition.	Griznik abre a oficina que sempre desejou. Na parede atrás da bancada,<br> organiza as lascas recolhidas durante a expedição. Sob cada uma, escreve o
epilogue.griznik.2	Under each one, he writes the name of a companion and a small memory: a joke, an argument, a gesture no one else would have any reason to record.	nome de um companheiro e uma pequena lembrança: uma piada, uma discussão, um<br> gesto que ninguém mais teria motivo para registrar.
epilogue.griznik.3	His workshop becomes known for safe construction and for estimates he refuses to lower when that means taking out a needed support.	Sua oficina fica conhecida pelas construções seguras e pelos orçamentos que<br> ele se recusa a reduzir quando isso exige retirar um apoio necessário
epilogue.seraphina.1	Seraphina opens a small house of healing for those who found no help anywhere else. The shelves fill with herbs, instruments and records on ailments many prefer to ignore.	Seraphina inaugura uma pequena casa de cura para receber aqueles que não<br> encontraram ajuda em outro lugar. As prateleiras se enchem de ervas,
epilogue.seraphina.2	At night, she organizes the knowledge brought back from the expedition.	instrumentos e registros sobre males que muitos preferem ignorar. À noite,<br> organiza o conhecimento trazido da expedição.
epilogue.seraphina.3	She writes down the treatments that worked and lingers longest on the pages about her own mistakes.	Escreve os tratamentos que funcionaram e demora mais nas páginas dedicadas aos<br> próprios erros.
epilogue.bimbren.1	Bimbren uses the reward to reopen the message service between isolated communities. He restores rest stops, plans the routes and hires new messengers.	Bimbren usa a recompensa para reabrir o serviço de mensagens entre as<br> comunidades isoladas. Recupera postos de descanso, organiza os trajetos e
epilogue.bimbren.2	On the first page of his route book, he records the names of the companions who did not return.	contrata novos mensageiros. Na primeira página de seu livro de rotas, registra<br> os nomes dos companheiros que não voltaram.
epilogue.bimbren.3	For a while, he still promises tight deadlines and checks the clock whenever someone is late. Until a young messenger comes back with a full bag: the bridge was giving way, and he had decided to stop the journey.	Durante algum tempo, ainda promete prazos difíceis e confere o relógio sempre<br> que alguém se atrasa. Até que um jovem mensageiro retorna com a bolsa cheia: a<br> ponte estava cedendo, e ele decidiu interromper a viagem
epilogue.liora.1	Liora finally finishes her atlas. She spreads the expedition's maps across the table and spends months comparing notes, correcting distances and separating what she witnessed from what she only suspects.	Liora finalmente conclui seu atlas. Espalha sobre a mesa os mapas da expedição<br> e passa meses comparando anotações, corrigindo distâncias e separando o que<br> testemunhou daquilo que apenas suspeita.
epilogue.liora.2	When the work is published, some pages show broken routes, warnings and blank spaces.	Quando a obra é publicada, algumas páginas trazem rotas interrompidas,<br> advertências e espaços em branco.
epilogue.vaelith.1	Vaelith returns with the expedition's records and starts rebuilding the archive he was looking for. He gathers scattered copies and recovers forgotten accounts.	Vaelith retorna com os registros da expedição e começa a reconstruir o arquivo<br> que buscava. Reúne cópias dispersas, recupera relatos esquecidos e organiza
epilogue.vaelith.2	He organizes warnings so others can recognize the dangers his group faced. Some texts are kept under restricted access.	advertências para que outros reconheçam os perigos que seu grupo enfrentou.<br> Alguns textos ficam sob acesso restrito.
epilogue.vaelith.3	In the catalogs, he explains the risk and notes the preparation needed to study them.	Nos catálogos, ele explica o risco e indica o preparo necessário para<br> estudá-los.
epilogue.draska.1	After surviving the expedition, Draska uses her share of the reward to buy the abandoned mine and found the cooperative she always planned. It takes months before the first tunnel is considered safe.	Após sobreviver à campanha, ela usa sua parte da recompensa para adquirir a<br> mina abandonada e fundar a cooperativa que sempre planejou. Leva meses até que<br> o primeiro túnel seja considerado seguro.
epilogue.draska.2	In that time, she works alongside her new companions, recovering tools, shoring up passages and learning to share the decisions she once made	Nesse tempo, trabalha ao lado dos novos companheiros, recuperando ferramentas,<br> reforçando passagens e aprendendo a dividir as decisões que antes tomava
epilogue.draska.3	alone. At the mine's entrance, a plaque keeps the names of those who did not return.	sozinha. Na entrada da mina, uma placa guarda os nomes daqueles que não<br> voltaram.
epilogue.draska.4	She watches each name being engraved and leaves room for one line: <I>No reward is worth hiding a risk from the team.</I>	Ela acompanha a gravação de cada nome e deixa espaço para uma frase: <I>Nenhuma<br> recompensa vale esconder um risco da equipe.</I>
memorial.h1	Gorvak did not return from the expedition.	Gorvak não voltou da expedição.
memorial.h2	Elowen did not return from the expedition.	Elowen não voltou da expedição.
memorial.h3	Griznik did not return from the expedition.	Griznik não voltou da expedição.
memorial.h4	Seraphina did not return from the expedition.	Seraphina não voltou da expedição.
memorial.h5	Bimbren did not return from the expedition.	Bimbren não voltou da expedição.
memorial.h6	Liora did not return from the expedition.	Liora não voltou da expedição.
memorial.h7	Vaelith did not return from the expedition.	Vaelith não voltou da expedição.
memorial.h8	Draska did not return from the expedition.	Draska não voltou da expedição.
memorial.intro	We didn't bring everyone back. That's the part they always leave out of the songs. When the dust settled... we just had cold stones and empty chairs.	Não trouxemos todos de volta. Essa é a parte que ninguém conta. Quando a poeira baixou... só nos restaram pedras frias e cadeiras vazias.
closure.first.rheed	<I>At last, one part of the map was in our hands. I remember the relief. After so much tension, we even managed to smile. But one look at that incomplete piece was enough to remember that the other half was still missing. We put the map away and started back. At the tavern, we would decide how to face what lay ahead.</I>	<I>Finalmente, uma parte do mapa estava em nossas mãos. Lembro do alívio. Depois de tanta tensão, até conseguimos sorrir. Mas bastou olhar para aquela peça incompleta para lembrar que ainda faltava a outra metade. Guardamos o mapa e começamos o caminho de volta. Na taverna, decidiríamos como enfrentar o que vinha pela frente.</I>
closure.second.rheed	<I>There was the missing part. For a moment, I thought the worst was over. We wanted to go back to the tavern, spread the two pieces on the table and find out where they would lead us. That was when it hit me: we had found the map. But we would still have to follow the path.</I>	<I>Ali estava a parte que faltava. Por um instante, achei que o pior tinha passado. Queríamos voltar à taverna, abrir as duas peças sobre a mesa e descobrir aonde elas nos levariam. Foi quando me dei conta: tínhamos encontrado o mapa. Mas ainda precisaríamos seguir o caminho.</I>
conv.party_count	Party: \V[150]/\V[151]	Grupo: \V[150]/\V[151]
conv.gorvak.ivai_why	Why did you decide to join the expedition, Gorvak?	Por que decidiu participar da expedição, Gorvak?
conv.gorvak.why	My workshop burned down. I want to use my share of the treasure to rebuild it and bring my apprentices back to work.	Minha oficina pegou fogo. Quero usar minha parte do tesouro para reconstruí-la e trazer meus aprendizes de volta ao trabalho.
conv.ivai.help	And on the road? How can you help us?	E durante a viagem? Como pode nos ajudar?
conv.gorvak.help1	If a heavy door blocks the way, I can open it. If a beam gives way, I can hold it while you get through. That's how I helped my apprentices escape the fire.	Se uma porta pesada bloquear o caminho, posso abri-la. Se uma viga ceder, posso sustentá-la enquanto vocês passam. Foi assim que ajudei meus aprendizes a escapar do incêndio.
conv.gorvak.help2	And if fear takes hold of you, I'll stay close. Even with the roof coming down, I managed to go back for my last apprentice.	E, se o medo apertar, fico por perto. Mesmo com o teto desabando, consegui voltar para buscar meu último aprendiz.
conv.gorvak.note	But listen for creaking. Old wood may be warning you it's about to give.	Mas prestem atenção aos estalos. Madeira velha pode estar avisando que vai ceder.
conv.gorvak.selected	You can count on me, Ivaí. I'll check our gear before we leave.	Pode contar comigo, Ivaí. Vou conferir nosso equipamento antes de sairmos.
conv.gorvak.full	You've already picked three people, Ivaí. You'll have to take someone out of the party before adding me.	Você já escolheu três pessoas, Ivaí. Precisa tirar alguém do grupo antes de me incluir.
conv.elowen.ivai_why	Why did you decide to join the expedition, Elowen?	Por que decidiu participar da expedição, Elowen?
conv.elowen.why	They want to fence off the forest where my community hunts. I'm going to use my share of the treasure to buy that land. I don't plan to wait for the first fence.	Querem cercar a mata onde minha comunidade caça. Vou usar minha parte do tesouro para comprar aquelas terras. Não pretendo esperar pela primeira cerca.
conv.elowen.help1	I know how to deal with traps. I once got past one without setting off the mechanism that had caught a companion. But no one goes around pulling on things before I've looked.	Sei lidar com armadilhas. Já passei de uma sem disparar o mecanismo que prendia uma companheira. Mas ninguém pode sair puxando as coisas antes de eu olhar.
conv.elowen.help2	I also run, jump and climb. I once crossed a ravine to reach two children. If we need a rope on the other side, I'll take it.	Também corro, salto e escalo. Já atravessei uma ravina para alcançar duas crianças. Se precisarmos de uma corda do outro lado, eu levo.
conv.elowen.note	Just warn me about the dangers you know of, Ivaí. I need to know where I'm stepping.	Só me avise dos perigos que conhece, Ivaí. Preciso saber onde estou pisando.
conv.elowen.selected	About time, Ivaí. I'm ready. Let's see if you can keep up.	Já estava na hora, Ivaí. Estou pronta. Vamos ver se você acompanha.
conv.elowen.full	You've already picked three people, Ivaí. Want to take me? Then you'll have to take someone out of the party first.	Você já escolheu três pessoas, Ivaí. Quer me levar? Então precisa tirar alguém do grupo primeiro.
conv.griznik.ivai_why	Why did you decide to join the expedition, Griznik?	Por que decidiu participar da expedição, Griznik?
conv.griznik.why	I want a workshop of my own. I'm tired of being told to pull out a support here, use rotten wood there, all to make it cheaper. With my share of the treasure, I'll be able to turn that kind of job down.	Quero uma oficina minha. Cansei de mandarem tirar um apoio aqui, usar madeira podre ali, tudo para sair mais barato. Com minha parte do tesouro, vou poder recusar esse tipo de serviço.
conv.griznik.help1	I usually notice when something is out of place. I saw a wall starting to lean on a job I worked. I got the residents out before the roof fell. Cracks, fresh dust, creaking... it's worth stopping to look.	Costumo perceber quando alguma coisa está fora do lugar. Notei uma parede começando a se inclinar numa obra em que trabalhei. Consegui tirar os moradores antes de o teto cair. Rachaduras, poeira fresca, estalos... vale parar para olhar.
conv.griznik.help2	I also know how to get by far from home. I was once stranded with a crew during a storm. We gathered fallen wood and I built a shelter above the water. I know how to find water to drink and make use of whatever's along the way.	Também sei me virar longe de casa. Já fiquei ilhado com uma equipe durante uma tempestade. Juntamos madeira caída e fiz um abrigo acima da água. Sei procurar água para beber e aproveitar o que houver pelo caminho.
conv.griznik.note	By the way, that strap on your pack is coming loose. Come closer. I'll fix it while you tell me about the trip.	Aliás, essa correia da sua mochila está se soltando. Chegue mais perto. Eu arrumo enquanto você me conta da viagem.
conv.griznik.selected	I'm ready, Ivaí. Let me just grab that leftover rope. You never know when we'll need it.	Estou pronto, Ivaí. Só vou pegar aquela sobra de corda. Nunca se sabe quando vamos precisar dela.
conv.griznik.full	You've already picked three people, Ivaí. You'll have to take someone out of the party before adding me. Meanwhile, I'll check the straps on the packs.	Você já escolheu três pessoas, Ivaí. Precisa tirar alguém do grupo antes de me incluir. Enquanto isso, vou conferir as amarras das mochilas.
conv.seraphina.ivai_why	Why did you decide to join the expedition, Seraphina?	Por que decidiu participar da expedição, Seraphina?
conv.seraphina.why	I want to open a house of healing. Some people come to me after everyone else has turned them away. My share of the treasure will help me take them in. I'm also looking for a treatise on supernatural ailments. I hope to find some lead in the old records you mentioned.	Quero abrir uma casa de cura. Há pessoas que chegam até mim depois de serem recusadas por todos os outros. Minha parte do tesouro vai ajudar a recebê-las. Também procuro um tratado sobre males sobrenaturais. Espero encontrar alguma pista nos registros antigos que você mencionou.
conv.seraphina.help1	I study diseases, herbs and poisons. In one village, people said someone had poisoned the sick. I compared what they all had in common and found that they all drank from the same tainted spring. I managed to keep more people from falling ill.	Estudo doenças, ervas e venenos. Num povoado, diziam que alguém havia envenenado os doentes. Comparei o que todos tinham em comum e descobri que todos bebiam da mesma fonte contaminada. Consegui impedir que mais gente adoecesse.
conv.seraphina.help2	I also treat ailments that don't start in the body. A family came to me about nightmares that returned every night. I recognized the signs of an old pact and stopped the ritual that fed them. If we find symbols along the way, I need to examine them before anyone touches them.	Também trato de males que não começam no corpo. Uma família me procurou por causa de pesadelos que se repetiam todas as noites. Reconheci os sinais de um pacto antigo e interrompi o ritual que os alimentava. Se encontrarmos símbolos pelo caminho, preciso examiná-los antes que alguém toque neles.
conv.seraphina.note	And tell me if you feel anything strange, Ivaí. Even if it seems unimportant. It's hard to help when someone hides part of the symptoms.	E me conte se sentir algo estranho, Ivaí. Mesmo que pareça sem importância. Fica difícil ajudar quando a pessoa esconde parte dos sintomas.
conv.seraphina.selected	I'm coming with you, Ivaí. Bring clean water. The bandages are on me.	Vou com vocês, Ivaí. Levem água limpa. Os curativos ficam comigo.
conv.seraphina.full	You've already picked three people, Ivaí. You'll have to take someone out of the party before adding me. While you decide, I'll finish packing the medicines.	Você já escolheu três pessoas, Ivaí. Precisa tirar alguém do grupo antes de me incluir. Enquanto decide, vou terminar de guardar os remédios.
conv.bimbren.ivai_why	Why did you decide to join the expedition, Bimbren?	Por que decidiu participar da expedição, Bimbren?
conv.bimbren.why	Ever since the old trade route was abandoned, some communities get no news of one another. I want to use my share of the treasure to reopen the message service. The old maps you mentioned could also help find a safe passage.	Desde que abandonaram a antiga rota comercial, há comunidades sem receber notícias umas das outras. Quero usar minha parte do tesouro para reabrir o serviço de mensagens. Os mapas antigos que você mencionou também podem ajudar a encontrar uma passagem segura.
conv.bimbren.help1	I spent years carrying deliveries where carts couldn't go. I can move heavy loads and help clear a passage. Once, I lifted an overturned cart high enough to pull out the driver pinned underneath it.	Passei anos carregando encomendas onde carroças não chegavam. Posso mover cargas pesadas e ajudar a liberar uma passagem. Certa vez, ergui uma carroça tombada o suficiente para tirar o condutor que estava preso debaixo da carroça.
conv.bimbren.help2	I also study maps, inscriptions and old seals. I once recognized a diplomatic seal that people were treating as a forgery. I keep those references in my route book. If we find an old landmark, I can compare the inscriptions before we go on.	Também estudo mapas, inscrições e selos antigos. Já reconheci um selo diplomático que estavam tratando como falsificação. Tenho essas referências no meu livro de rotas. Se encontrarmos um marco antigo, posso comparar as inscrições antes de seguirmos.
conv.bimbren.note	Before we leave, I'd like to go over the route with you. When I take on a delivery, I need to know where I'm going and what's expected of me.	Antes de sair, gostaria de conferir o trajeto com você. Quando assumo uma entrega, preciso saber aonde vou e o que esperam de mim.
conv.bimbren.selected	You can count on me, Ivaí. Show me which bundles need carrying. I'll spread the weight before we set out.	Pode contar comigo, Ivaí. Mostre quais volumes precisam ser levados. Vou distribuir o peso antes de partirmos.
conv.bimbren.full	You've already picked three people, Ivaí. To add me, you'll have to take someone out of the party first. I'll wait here with my things ready.	Você já escolheu três pessoas, Ivaí. Para me incluir, precisa retirar alguém do grupo primeiro. Ficarei aqui com minhas coisas prontas.
conv.liora.ivai_why	Why did you decide to join the expedition, Liora?	Por que decidiu participar da expedição, Liora?
conv.liora.why	I want to publish a map of the whole world. You promised I could copy the maps we find, and there are old routes I still need to study. A ship under my guidance vanished in a fog the records don't explain. Ever since, they've treated it as my mistake. I want to find out what happened.	Quero publicar um mapa do mundo todo. Você me prometeu que eu poderia copiar os mapas que encontrássemos, e há rotas antigas que ainda preciso estudar. Uma embarcação sob minha orientação desapareceu numa neblina que os registros não explicam. Desde então, tratam o caso como um erro meu. Quero descobrir o que aconteceu.
conv.liora.help1	I have practice with delicate instruments. I once repaired a navigation instrument during a storm and used it to find out where we were before the clouds covered the sky again. If a needle sticks or a small mechanism needs adjusting, I can handle it.	Tenho prática com instrumentos delicados. Já consertei um instrumento de navegação durante uma tempestade e consegui usá-lo para descobrir onde estávamos antes que as nuvens cobrissem o céu outra vez. Se uma agulha travar ou um mecanismo pequeno precisar de ajuste, posso cuidar disso.
conv.liora.help2	I also watch what changes around us. On one voyage, I noticed a shift in the current before the rest of the crew. I warned them in time to steer the ship away from the reefs. A map helps, but you have to check that the path still matches the drawing.	Também observo o que muda ao redor. Numa viagem, percebi uma mudança na corrente antes dos outros tripulantes. Avisei a tempo de desviarem o navio dos recifes. Um mapa ajuda, mas é preciso conferir se o caminho ainda corresponde ao desenho.
conv.liora.note	When we leave, show me the landmarks you know. I'll mark the way back too.	Quando sairmos, me mostre os pontos de referência que conhece. Vou marcar também o caminho de volta.
conv.liora.selected	I'm ready, Ivaí. Leave the maps with me during the walk. I want to follow every change of direction.	Estou pronta, Ivaí. Deixe os mapas comigo durante a caminhada. Quero acompanhar cada mudança de direção.
conv.liora.full	You've already picked three people, Ivaí. You'll have to take someone out of the party before adding me. While you decide, I'll go over my notes.	Você já escolheu três pessoas, Ivaí. Precisa retirar alguém do grupo antes de me incluir. Enquanto decide, vou conferir minhas anotações.
conv.vaelith.ivai_why	Why did you decide to join the expedition, Vaelith?	Por que decidiu participar da expedição, Vaelith?
conv.vaelith.why	I want to rebuild an archive. They destroyed the texts out of fear of what was written in them. The hauntings, unfortunately, didn't disappear with the pages. My share of the treasure will help gather new copies. And you promised to let me copy the inscriptions and documents we find.	Quero reconstruir um arquivo. Destruíram os textos por medo do que estava escrito neles. As assombrações, infelizmente, não desapareceram junto com as páginas. Minha parte do tesouro vai ajudar a reunir novas cópias. E você prometeu me deixar copiar as inscrições e os documentos que encontrarmos.
conv.vaelith.help1	I study symbols and rituals. I once found a prayer carved backward. They wanted to correct the inscription, but it was holding a presence in check. I managed to stop them from touching it. Sometimes the mistake is thinking someone wrote it wrong.	Estudo símbolos e rituais. Certa vez, encontrei uma oração gravada ao contrário. Queriam corrigir a inscrição, mas ela mantinha uma presença contida. Consegui impedir que mexessem nela. Às vezes, o erro está em achar que alguém escreveu errado.
conv.vaelith.help2	I also know how to reach difficult places. I once climbed the outer wall of a shrine and got in through an opening in the roof after the entrance collapsed. I spent years climbing ruins to copy texts. Not every scribe works sitting down.	Também sei alcançar lugares difíceis. Já escalei a parede externa de um santuário e entrei por uma abertura no teto depois que a entrada desabou. Passei anos subindo em ruínas para copiar textos. Nem todo escriba trabalha sentado.
conv.vaelith.note	If we find anything written, give me time to look. Just don't read it aloud before I check it. For some texts, that's enough to start a ritual.	Se encontrarmos algo escrito, me dê tempo para olhar. Só não leia em voz alta antes de eu conferir. Há textos em que isso basta para começar um ritual.
conv.vaelith.selected	Excellent, Ivaí. I have paper, ink and rope. Now I want to see those inscriptions up close.	Ótimo, Ivaí. Tenho papel, tinta e corda. Agora quero ver essas inscrições de perto.
conv.vaelith.full	You've already picked three people, Ivaí. To take me, you'll have to take someone out first. I can wait. The inscriptions have waited much longer.	Você já escolheu três pessoas, Ivaí. Para me levar, precisa retirar alguém primeiro. Posso esperar. As inscrições já esperaram bem mais.
conv.draska.ivai_why	Why did you decide to join the expedition, Draska?	Por que decidiu participar da expedição, Draska?
conv.draska.why	I want to buy the rights to an abandoned mine. I know people kicked out of other digs who'd be up for working with me. We'll form a cooperative. My share of the treasure can pay for the start, but no one goes into the mine before it's safe.	Quero comprar os direitos de uma mina abandonada. Conheço gente expulsa de outras escavações que toparia trabalhar comigo. Vamos formar uma cooperativa. Minha parte do tesouro pode pagar o começo, mas ninguém entra na mina antes de ela estar segura.
conv.draska.help1	I know how to keep my head when we're trapped. I once spent hours with two coworkers after a cave-in. I controlled my breathing and helped them both stay calm until the rescue opened a passage. The fear was still there. We managed to wait without putting ourselves in more danger.	Sei manter a cabeça no lugar quando ficamos presos. Já passei horas com duas colegas depois de um desabamento. Controlei a respiração e ajudei as duas a ficarem calmas até o resgate abrir uma passagem. O medo continuou ali. Conseguimos esperar sem nos pôr em mais perigo.
conv.draska.help2	I also know how to look for a way out. Once, the entrance to a tunnel collapsed. I followed the draft and found another passage. I check the ground, the air and the water before moving on. I've worked in mines where trusting only the boss's word meant risking your own life.	Também sei procurar uma saída. Uma vez, a entrada de uma galeria caiu. Segui a corrente de ar e encontrei outra passagem. Confiro o chão, o ar e a água antes de avançar. Trabalhei em minas onde confiar só na palavra do chefe era arriscar a própria vida.
conv.draska.note	So tell me the risks you know of, Ivaí. I need to know what's waiting for us to decide which way to go.	Então me diga os riscos que conhece, Ivaí. Preciso saber o que nos espera para decidir por onde ir.
conv.draska.selected	Right, Ivaí. I'll bring spare water and food. Before we go in anywhere, we check the way out.	Certo, Ivaí. Levo água e comida de reserva. Antes de entrar em qualquer lugar, vamos conferir a saída.
conv.draska.full	There are already three people in the party, Ivaí. You'll have to take someone out before adding me. Check who's going before we leave.	Já são três pessoas no grupo, Ivaí. Precisa tirar alguém antes de me incluir. Confira quem vai antes de sairmos.
council.choice.restore	Restore the medallion — free the lovers and die	Reunir o medalhão — libertar os amantes e morrer
council.choice.destroy	Destroy the medallion — survive and hand them to Andirá	Destruir o medalhão — sobreviver e entregá-los a Andirá
